ID,DataRow ID,Labeled Data,Label,Created By,Project Name,Created At,Updated At,Seconds to Label,External ID,Agreement,Benchmark Agreement,Benchmark ID,Benchmark Reference ID,Dataset Name,Reviews,View Label,Masks
ck5gym0fe9wek0929pdnb0d4u,ck5gy4i83t7vg0doq10uzdreu,https://storage.labelbox.com/cjhh4jecg4hje0702omie6eqq%2F5a5b3149-1710-75d6-a5df-5edf9f792f34-2020-01-16T08%3A17%3A27.jpg?Expires=1580497470459&KeyName=labelbox-assets-key-1&Signature=WTC6M7hfGClnNQF0UrcUz4Z7kzU,"{""Free space"":[{""geometry"":[{""x"":1812,""y"":1080},{""x"":1920,""y"":1028},{""x"":1920,""y"":1080}]}]}",jseng@calpoly.edu,Free space segmentation,1579192786000,1579192786000,88.815,2020-01-16T08:17:27.jpg,,,,,Free space detection,"[{""id"":""ck5gymq731c7t0843hfuu1u13"",""score"":1,""createdAt"":""2020-01-16T16:40:20.000Z"",""createdBy"":""jseng@calpoly.edu""}]",https://image-segmentation-v4.labelbox.com?project=ck5gy7bbahfmg0899r5bnnrl4&label=ck5gym0fe9wek0929pdnb0d4u,"{""Free space"":""https://faas-gateway.labelbox.com/function/mask-exporter?jwt=eyJhbGciOiJIUzI1NiIsInR5cCI6IkpXVCJ9.eyJsYWJlbElkIjoiY2s1Z3ltMGZlOXdlazA5MjlwZG5iMGQ0dSIsImNsYXNzTmFtZSI6IkZyZWUgc3BhY2UiLCJ1c2VySWQiOiJjamhoZGVkZXY4bWhhMDc1NnA3ZW1qNndmIiwiaWF0IjoxNTc5Mjg3ODcwLCJleHAiOjE3MzY5Njc4NzB9.fZNIFcyFrFG2dfEvZouIKOJ47BUJjlJSbNRoFgklMf0""}"
ck5gyo6i7hm670899n81270te,ck5gy4i8at7z00doqcppabo2u,https://storage.labelbox.com/cjhh4jecg4hje0702omie6eqq%2Fc4189620-12c0-caae-0e77-2bb63582c877-2020-01-16T08%3A18%3A06.jpg?Expires=1580497470459&KeyName=labelbox-assets-key-1&Signature=X-K2NRkEEqGjkhfUGhJrC-fhzW0,"{""Free space"":[{""geometry"":[{""x"":2,""y"":555},{""x"":364,""y"":580},{""x"":1435,""y"":667},{""x"":1920,""y"":696},{""x"":1920,""y"":1080},{""x"":0,""y"":1080}]}]}",jseng@calpoly.edu,Free space segmentation,1579192888000,1579192990000,5.467,2020-01-16T08:18:06.jpg,,,,,Free space detection,"[{""id"":""ck5gyqzkem1d70770kyw5yuz3"",""score"":1,""createdAt"":""2020-01-16T16:43:39.000Z"",""createdBy"":""jseng@calpoly.edu""}]",https://image-segmentation-v4.labelbox.com?project=ck5gy7bbahfmg0899r5bnnrl4&label=ck5gyo6i7hm670899n81270te,"{""Free space"":""https://faas-gateway.labelbox.com/function/mask-exporter?jwt=eyJhbGciOiJIUzI1NiIsInR5cCI6IkpXVCJ9.eyJsYWJlbElkIjoiY2s1Z3lvNmk3aG02NzA4OTluODEyNzB0ZSIsImNsYXNzTmFtZSI6IkZyZWUgc3BhY2UiLCJ1c2VySWQiOiJjamhoZGVkZXY4bWhhMDc1NnA3ZW1qNndmIiwiaWF0IjoxNTc5Mjg3ODcwLCJleHAiOjE3MzY5Njc4NzB9.2KgjqQwAa3oMOJjVwfm87HG7tKhx6KMV19YbL4wP6qE""}"
ck5gyo8wehm7t0899uufq4k22,ck5gy4i8dt82k0doqfzco6an4,https://storage.labelbox.com/cjhh4jecg4hje0702omie6eqq%2F4d5d2560-cbaf-7551-3ce1-8a5ad9fc90c1-2020-01-16T08%3A18%3A46.jpg?Expires=1580497470459&KeyName=labelbox-assets-key-1&Signature=OFH9Dedp4rGum4P3PmRwswNfJak,"{""Free space"":[{""geometry"":[{""x"":497,""y"":1080},{""x"":808,""y"":627},{""x"":827,""y"":622},{""x"":851,""y"":587},{""x"":844,""y"":418},{""x"":919,""y"":419},{""x"":945,""y"":394},{""x"":1328,""y"":399},{""x"":1434,""y"":444},{""x"":1428,""y"":557},{""x"":1426,""y"":589},{""x"":1469,""y"":629},{""x"":1485,""y"":631},{""x"":1797,""y"":911},{""x"":1920,""y"":1049},{""x"":1920,""y"":1080}]}]}",jseng@calpoly.edu,Free space segmentation,1579192891000,1579192967000,2.928,2020-01-16T08:18:46.jpg,,,,,Free space detection,"[{""id"":""ck5gyqte31iq90978u35m1ltq"",""score"":1,""createdAt"":""2020-01-16T16:43:31.000Z"",""createdBy"":""jseng@calpoly.edu""}]",https://image-segmentation-v4.labelbox.com?project=ck5gy7bbahfmg0899r5bnnrl4&label=ck5gyo8wehm7t0899uufq4k22,"{""Free space"":""https://faas-gateway.labelbox.com/function/mask-exporter?jwt=eyJhbGciOiJIUzI1NiIsInR5cCI6IkpXVCJ9.eyJsYWJlbElkIjoiY2s1Z3lvOHdlaG03dDA4OTl1dWZxNGsyMiIsImNsYXNzTmFtZSI6IkZyZWUgc3BhY2UiLCJ1c2VySWQiOiJjamhoZGVkZXY4bWhhMDc1NnA3ZW1qNndmIiwiaWF0IjoxNTc5Mjg3ODcwLCJleHAiOjE3MzY5Njc4NzB9.ZA624B81OIlRJ8yfPmVAuy0ibwxYVjzDJA7l9GJ6tY8""}"
ck5gyt2ft9z8m0929jvsphxua,ck5gy4i83t7vs0doqfbj07866,https://storage.labelbox.com/cjhh4jecg4hje0702omie6eqq%2F830ff12d-a59e-81b0-3a38-425d5af961a0-2020-01-16T08%3A17%3A31.jpg?Expires=1580497470460&KeyName=labelbox-assets-key-1&Signature=FLypNYIUDCxYJzPCkGew8YKSuzI,"{""Free space"":[{""geometry"":[{""x"":375,""y"":1080},{""x"":475,""y"":924},{""x"":430,""y"":619},{""x"":416,""y"":472},{""x"":672,""y"":467},{""x"":670,""y"":512},{""x"":1182,""y"":505},{""x"":1540,""y"":505},{""x"":1684,""y"":503},{""x"":1656,""y"":759},{""x"":1623,""y"":876},{""x"":1772,""y"":1011},{""x"":1796,""y"":1008},{""x"":1875,""y"":1080}]}]}",jseng@calpoly.edu,Free space segmentation,1579193116000,1579193116000,41.251,2020-01-16T08:17:31.jpg,,,,,Free space detection,"[{""id"":""ck5gyy52x1ln20978ah4ofhzr"",""score"":1,""createdAt"":""2020-01-16T16:49:12.000Z"",""createdBy"":""jseng@calpoly.edu""}]",https://image-segmentation-v4.labelbox.com?project=ck5gy7bbahfmg0899r5bnnrl4&label=ck5gyt2ft9z8m0929jvsphxua,"{""Free space"":""https://faas-gateway.labelbox.com/function/mask-exporter?jwt=eyJhbGciOiJIUzI1NiIsInR5cCI6IkpXVCJ9.eyJsYWJlbElkIjoiY2s1Z3l0MmZ0OXo4bTA5MjlqdnNwaHh1YSIsImNsYXNzTmFtZSI6IkZyZWUgc3BhY2UiLCJ1c2VySWQiOiJjamhoZGVkZXY4bWhhMDc1NnA3ZW1qNndmIiwiaWF0IjoxNTc5Mjg3ODcwLCJleHAiOjE3MzY5Njc4NzB9._DU1sbtvT2DpwmhENYoj7Ol_YLcx0-vUCe88dRKWr4Q""}"
ck5gyu9wu1f9c0843h27fczxk,ck5gy4i8at7zc0doqd7qact6l,https://storage.labelbox.com/cjhh4jecg4hje0702omie6eqq%2Fa82982d3-0932-3fec-b5fa-eea7da3da82b-2020-01-16T08%3A18%3A10.jpg?Expires=1580497470460&KeyName=labelbox-assets-key-1&Signature=eYoOXTfv6rajyJFJUV-tgOjkur0,"{""Free space"":[{""geometry"":[{""x"":0,""y"":865},{""x"":120,""y"":768},{""x"":317,""y"":643},{""x"":315,""y"":594},{""x"":621,""y"":448},{""x"":759,""y"":389},{""x"":758,""y"":363},{""x"":1025,""y"":352},{""x"":1161,""y"":351},{""x"":1240,""y"":345},{""x"":1236,""y"":404},{""x"":1454,""y"":543},{""x"":1920,""y"":969},{""x"":1920,""y"":1080},{""x"":0,""y"":1080}]}]}",jseng@calpoly.edu,Free space segmentation,1579193172000,1579193172000,56.115,2020-01-16T08:18:10.jpg,,,,,Free space detection,"[{""id"":""ck5gyy2mqhpsu0899veguvcd8"",""score"":1,""createdAt"":""2020-01-16T16:49:09.000Z"",""createdBy"":""jseng@calpoly.edu""}]",https://image-segmentation-v4.labelbox.com?project=ck5gy7bbahfmg0899r5bnnrl4&label=ck5gyu9wu1f9c0843h27fczxk,"{""Free space"":""https://faas-gateway.labelbox.com/function/mask-exporter?jwt=eyJhbGciOiJIUzI1NiIsInR5cCI6IkpXVCJ9.eyJsYWJlbElkIjoiY2s1Z3l1OXd1MWY5YzA4NDNoMjdmY3p4ayIsImNsYXNzTmFtZSI6IkZyZWUgc3BhY2UiLCJ1c2VySWQiOiJjamhoZGVkZXY4bWhhMDc1NnA3ZW1qNndmIiwiaWF0IjoxNTc5Mjg3ODcwLCJleHAiOjE3MzY5Njc4NzB9.h33zikgiZlsI6BaDDkiqBIE-eOpXU0ikV-sOBswk1tY""}"
ck5gyvhnda04e09292c44sylg,ck5gy4i8dt82w0doqem0g2c8u,https://storage.labelbox.com/cjhh4jecg4hje0702omie6eqq%2F31cae4c6-de39-3499-d32c-5f782cdd9c1f-2020-01-16T08%3A18%3A50.jpg?Expires=1580497470460&KeyName=labelbox-assets-key-1&Signature=yPlgLsDkrmAfRtMsguRWJlbEDjE,"{""Free space"":[{""geometry"":[{""x"":305,""y"":1080},{""x"":420,""y"":945},{""x"":486,""y"":949},{""x"":495,""y"":917},{""x"":487,""y"":870},{""x"":668,""y"":647},{""x"":806,""y"":497},{""x"":817,""y"":492},{""x"":827,""y"":480},{""x"":825,""y"":409},{""x"":863,""y"":412},{""x"":881,""y"":398},{""x"":1174,""y"":389},{""x"":1166,""y"":482},{""x"":1186,""y"":495},{""x"":1206,""y"":511},{""x"":1206,""y"":591},{""x"":1393,""y"":728},{""x"":1554,""y"":842},{""x"":1589,""y"":862},{""x"":1577,""y"":901},{""x"":1602,""y"":933},{""x"":1652,""y"":926},{""x"":1792,""y"":1070},{""x"":1920,""y"":1016},{""x"":1920,""y"":1080}]},{""geometry"":[{""x"":216,""y"":1080},{""x"":0,""y"":1005},{""x"":0,""y"":1080}]}]}",jseng@calpoly.edu,Free space segmentation,1579193229000,1579193229000,56.412,2020-01-16T08:18:50.jpg,,,,,Free space detection,"[{""id"":""ck5gyxzbsm3tq0770ncqzb21e"",""score"":1,""createdAt"":""2020-01-16T16:49:05.000Z"",""createdBy"":""jseng@calpoly.edu""}]",https://image-segmentation-v4.labelbox.com?project=ck5gy7bbahfmg0899r5bnnrl4&label=ck5gyvhnda04e09292c44sylg,"{""Free space"":""https://faas-gateway.labelbox.com/function/mask-exporter?jwt=eyJhbGciOiJIUzI1NiIsInR5cCI6IkpXVCJ9.eyJsYWJlbElkIjoiY2s1Z3l2aG5kYTA0ZTA5MjkyYzQ0c3lsZyIsImNsYXNzTmFtZSI6IkZyZWUgc3BhY2UiLCJ1c2VySWQiOiJjamhoZGVkZXY4bWhhMDc1NnA3ZW1qNndmIiwiaWF0IjoxNTc5Mjg3ODcwLCJleHAiOjE3MzY5Njc4NzB9.xraTKlF9D5SiVjReO7Yi7YFYthRDptaS07enBLS_g9M""}"
ck5gyw7w3a8nq09521f44ofon,ck5gy4i84t7w40doqgv0h6zrn,https://storage.labelbox.com/cjhh4jecg4hje0702omie6eqq%2F85e178c0-ceb0-fa6f-ccef-6ee8cd9b46a5-2020-01-16T08%3A17%3A34.jpg?Expires=1580497470460&KeyName=labelbox-assets-key-1&Signature=L-yYTKfJHRvZ8VTBs6DNtQEWcwU,"{""Free space"":[{""geometry"":[{""x"":0,""y"":492},{""x"":183,""y"":446},{""x"":202,""y"":449},{""x"":269,""y"":437},{""x"":315,""y"":433},{""x"":404,""y"":416},{""x"":409,""y"":398},{""x"":441,""y"":406},{""x"":450,""y"":466},{""x"":975,""y"":529},{""x"":1288,""y"":574},{""x"":1392,""y"":586},{""x"":1392,""y"":690},{""x"":1379,""y"":749},{""x"":1755,""y"":808},{""x"":1920,""y"":830},{""x"":1920,""y"":1080},{""x"":0,""y"":1080}]}]}",jseng@calpoly.edu,Free space segmentation,1579193263000,1579193263000,32.999,2020-01-16T08:17:34.jpg,,,,,Free space detection,"[{""id"":""ck5gyxvl8a13e0929cd1t6wxu"",""score"":1,""createdAt"":""2020-01-16T16:49:00.000Z"",""createdBy"":""jseng@calpoly.edu""}]",https://image-segmentation-v4.labelbox.com?project=ck5gy7bbahfmg0899r5bnnrl4&label=ck5gyw7w3a8nq09521f44ofon,"{""Free space"":""https://faas-gateway.labelbox.com/function/mask-exporter?jwt=eyJhbGciOiJIUzI1NiIsInR5cCI6IkpXVCJ9.eyJsYWJlbElkIjoiY2s1Z3l3N3czYThucTA5NTIxZjQ0b2ZvbiIsImNsYXNzTmFtZSI6IkZyZWUgc3BhY2UiLCJ1c2VySWQiOiJjamhoZGVkZXY4bWhhMDc1NnA3ZW1qNndmIiwiaWF0IjoxNTc5Mjg3ODcwLCJleHAiOjE3MzY5Njc4NzB9.idcmZCnHNDwEbmlKI9sj27dBCaAKPcXyUsJwRwWL6PI""}"
ck5gywxlzhpcx0899k93ums6f,ck5gy4i8at7zo0doqhtfy2jty,https://storage.labelbox.com/cjhh4jecg4hje0702omie6eqq%2Fa5e72f1b-fb5a-f239-3fcc-dcfec5bb878c-2020-01-16T08%3A18%3A14.jpg?Expires=1580497470460&KeyName=labelbox-assets-key-1&Signature=4g8tbj7hSWQn4zsPtTpieCVwEg4,"{""Free space"":[{""geometry"":[{""x"":0,""y"":797},{""x"":189,""y"":674},{""x"":457,""y"":523},{""x"":549,""y"":471},{""x"":550,""y"":413},{""x"":777,""y"":396},{""x"":1024,""y"":388},{""x"":1050,""y"":387},{""x"":1189,""y"":377},{""x"":1371,""y"":377},{""x"":1391,""y"":373},{""x"":1385,""y"":507},{""x"":1393,""y"":517},{""x"":1674,""y"":726},{""x"":1920,""y"":950},{""x"":1920,""y"":1080},{""x"":0,""y"":1080}]}]}",jseng@calpoly.edu,Free space segmentation,1579193296000,1579193296000,32.927,2020-01-16T08:18:14.jpg,,,,,Free space detection,"[{""id"":""ck5gyxq8ka9d00952r899hvht"",""score"":1,""createdAt"":""2020-01-16T16:48:53.000Z"",""createdBy"":""jseng@calpoly.edu""}]",https://image-segmentation-v4.labelbox.com?project=ck5gy7bbahfmg0899r5bnnrl4&label=ck5gywxlzhpcx0899k93ums6f,"{""Free space"":""https://faas-gateway.labelbox.com/function/mask-exporter?jwt=eyJhbGciOiJIUzI1NiIsInR5cCI6IkpXVCJ9.eyJsYWJlbElkIjoiY2s1Z3l3eGx6aHBjeDA4OTlrOTN1bXM2ZiIsImNsYXNzTmFtZSI6IkZyZWUgc3BhY2UiLCJ1c2VySWQiOiJjamhoZGVkZXY4bWhhMDc1NnA3ZW1qNndmIiwiaWF0IjoxNTc5Mjg3ODcwLCJleHAiOjE3MzY5Njc4NzB9.67suL0ekO1ajx9baLwUydx9ibE8V8dZGcIq5kdR-gN0""}"
ck5gz8dtz1rol0978jjwv18ma,ck5gy4i8et8380doqajddfmcg,https://storage.labelbox.com/cjhh4jecg4hje0702omie6eqq%2Fe05db191-c994-fa93-1f45-3ee32185f1bd-2020-01-16T08%3A18%3A53.jpg?Expires=1580497470460&KeyName=labelbox-assets-key-1&Signature=CnK-Nx8z1oQK9Dz8UK-sU3C2iG4,"{""Free space"":[{""geometry"":[{""x"":274,""y"":1080},{""x"":433,""y"":893},{""x"":612,""y"":665},{""x"":727,""y"":542},{""x"":751,""y"":516},{""x"":746,""y"":406},{""x"":813,""y"":406},{""x"":838,""y"":387},{""x"":1139,""y"":383},{""x"":1184,""y"":383},{""x"":1199,""y"":393},{""x"":1194,""y"":515},{""x"":1218,""y"":536},{""x"":1236,""y"":537},{""x"":1354,""y"":637},{""x"":1339,""y"":769},{""x"":1342,""y"":808},{""x"":1531,""y"":983},{""x"":1669,""y"":1080}]}]}",jseng@calpoly.edu,Free space segmentation,1579193830000,1579193830000,63.28,2020-01-16T08:18:53.jpg,,,,,Free space detection,"[{""id"":""ck5gzaxxi1unx0978p3n7kza6"",""score"":1,""createdAt"":""2020-01-16T16:59:10.000Z"",""createdBy"":""jseng@calpoly.edu""}]",https://image-segmentation-v4.labelbox.com?project=ck5gy7bbahfmg0899r5bnnrl4&label=ck5gz8dtz1rol0978jjwv18ma,"{""Free space"":""https://faas-gateway.labelbox.com/function/mask-exporter?jwt=eyJhbGciOiJIUzI1NiIsInR5cCI6IkpXVCJ9.eyJsYWJlbElkIjoiY2s1Z3o4ZHR6MXJvbDA5Nzhqand2MThtYSIsImNsYXNzTmFtZSI6IkZyZWUgc3BhY2UiLCJ1c2VySWQiOiJjamhoZGVkZXY4bWhhMDc1NnA3ZW1qNndmIiwiaWF0IjoxNTc5Mjg3ODcwLCJleHAiOjE3MzY5Njc4NzB9.Q73K5ytZoHM7fsMZrqMcBZdy5Ad7iqPn3WwypleMCsA""}"
ck5gz9kfhagnt0952k63df9vm,ck5gy4i84t7wg0doq0upzfb4l,https://storage.labelbox.com/cjhh4jecg4hje0702omie6eqq%2Fa3baf579-1be9-25dd-0cbd-67a1a289b26b-2020-01-16T08%3A17%3A38.jpg?Expires=1580497470460&KeyName=labelbox-assets-key-1&Signature=uuA4LlN9VqMvtKf_AsFvvLn6fU4,"{""Free space"":[{""geometry"":[{""x"":0,""y"":641},{""x"":141,""y"":556},{""x"":223,""y"":501},{""x"":239,""y"":504},{""x"":261,""y"":490},{""x"":662,""y"":467},{""x"":1034,""y"":463},{""x"":1164,""y"":459},{""x"":1184,""y"":467},{""x"":1314,""y"":461},{""x"":1382,""y"":484},{""x"":1462,""y"":488},{""x"":1522,""y"":485},{""x"":1540,""y"":467},{""x"":1575,""y"":477},{""x"":1634,""y"":468},{""x"":1634,""y"":451},{""x"":1716,""y"":452},{""x"":1701,""y"":576},{""x"":1683,""y"":665},{""x"":1886,""y"":768},{""x"":1920,""y"":791},{""x"":1920,""y"":1080},{""x"":0,""y"":1080}]}]}",jseng@calpoly.edu,Free space segmentation,1579193885000,1579193885000,54.897,2020-01-16T08:17:38.jpg,,,,,Free space detection,"[{""id"":""ck5gzau96aadw09298jtler43"",""score"":1,""createdAt"":""2020-01-16T16:59:05.000Z"",""createdBy"":""jseng@calpoly.edu""}]",https://image-segmentation-v4.labelbox.com?project=ck5gy7bbahfmg0899r5bnnrl4&label=ck5gz9kfhagnt0952k63df9vm,"{""Free space"":""https://faas-gateway.labelbox.com/function/mask-exporter?jwt=eyJhbGciOiJIUzI1NiIsInR5cCI6IkpXVCJ9.eyJsYWJlbElkIjoiY2s1Z3o5a2ZoYWdudDA5NTJrNjNkZjl2bSIsImNsYXNzTmFtZSI6IkZyZWUgc3BhY2UiLCJ1c2VySWQiOiJjamhoZGVkZXY4bWhhMDc1NnA3ZW1qNndmIiwiaWF0IjoxNTc5Mjg3ODcwLCJleHAiOjE3MzY5Njc4NzB9.4EVzAQ1Y3ql64fXx4QyoG4RZoX1rY2bL3PEb8BLeYIs""}"
ck5gzaesdmcbu0770sao2ugum,ck5gy4i8bt8000doq54q2giy3,https://storage.labelbox.com/cjhh4jecg4hje0702omie6eqq%2F4d4c44a2-480c-f766-872d-6db15a9f2ca8-2020-01-16T08%3A18%3A17.jpg?Expires=1580497470460&KeyName=labelbox-assets-key-1&Signature=dhjP1avgdqmdBrOKSTw52mpU2-c,"{""Free space"":[{""geometry"":[{""x"":0,""y"":520},{""x"":305,""y"":491},{""x"":720,""y"":466},{""x"":1034,""y"":449},{""x"":1050,""y"":441},{""x"":1387,""y"":433},{""x"":1532,""y"":430},{""x"":1545,""y"":437},{""x"":1779,""y"":437},{""x"":1785,""y"":383},{""x"":1817,""y"":379},{""x"":1861,""y"":393},{""x"":1896,""y"":393},{""x"":1920,""y"":409},{""x"":1920,""y"":662},{""x"":1779,""y"":710},{""x"":1920,""y"":810},{""x"":1920,""y"":1080},{""x"":0,""y"":1080}]}]}",jseng@calpoly.edu,Free space segmentation,1579193925000,1579193925000,39.093,2020-01-16T08:18:17.jpg,,,,,Free space detection,"[{""id"":""ck5gzaq5xmd0w0770vh18sw7q"",""score"":1,""createdAt"":""2020-01-16T16:58:59.000Z"",""createdBy"":""jseng@calpoly.edu""}]",https://image-segmentation-v4.labelbox.com?project=ck5gy7bbahfmg0899r5bnnrl4&label=ck5gzaesdmcbu0770sao2ugum,"{""Free space"":""https://faas-gateway.labelbox.com/function/mask-exporter?jwt=eyJhbGciOiJIUzI1NiIsInR5cCI6IkpXVCJ9.eyJsYWJlbElkIjoiY2s1Z3phZXNkbWNidTA3NzBzYW8ydWd1bSIsImNsYXNzTmFtZSI6IkZyZWUgc3BhY2UiLCJ1c2VySWQiOiJjamhoZGVkZXY4bWhhMDc1NnA3ZW1qNndmIiwiaWF0IjoxNTc5Mjg3ODcwLCJleHAiOjE3MzY5Njc4NzB9.O3sfFh4JPSLGMFsYLBGW70wPZAYxB3vIjSIE9xqG_kE""}"
ck5gzhdyvan9d095214ma15gg,ck5gy4i8et83k0doq0tojd997,https://storage.labelbox.com/cjhh4jecg4hje0702omie6eqq%2Fd8dfaab1-8891-1398-0ba5-520399b80fa4-2020-01-16T08%3A18%3A57.jpg?Expires=1580497470461&KeyName=labelbox-assets-key-1&Signature=kC4kglBZuEw83-vR5AlwSll6vDw,"{""Free space"":[{""geometry"":[{""x"":0,""y"":461},{""x"":61,""y"":442},{""x"":102,""y"":429},{""x"":106,""y"":493},{""x"":343,""y"":480},{""x"":654,""y"":474},{""x"":777,""y"":472},{""x"":847,""y"":412},{""x"":1173,""y"":408},{""x"":1421,""y"":414},{""x"":1603,""y"":501},{""x"":1766,""y"":596},{""x"":1920,""y"":587},{""x"":1920,""y"":1080},{""x"":0,""y"":1080}]}]}",jseng@calpoly.edu,Free space segmentation,1579194250000,1579194250000,30.237,2020-01-16T08:18:57.jpg,,,,,Free space detection,"[{""id"":""ck5gzkabbao960952ysvuidq4"",""score"":1,""createdAt"":""2020-01-16T17:06:25.000Z"",""createdBy"":""jseng@calpoly.edu""}]",https://image-segmentation-v4.labelbox.com?project=ck5gy7bbahfmg0899r5bnnrl4&label=ck5gzhdyvan9d095214ma15gg,"{""Free space"":""https://faas-gateway.labelbox.com/function/mask-exporter?jwt=eyJhbGciOiJIUzI1NiIsInR5cCI6IkpXVCJ9.eyJsYWJlbElkIjoiY2s1Z3poZHl2YW45ZDA5NTIxNG1hMTVnZyIsImNsYXNzTmFtZSI6IkZyZWUgc3BhY2UiLCJ1c2VySWQiOiJjamhoZGVkZXY4bWhhMDc1NnA3ZW1qNndmIiwiaWF0IjoxNTc5Mjg3ODcwLCJleHAiOjE3MzY5Njc4NzB9._k9pNjngs4F4_LMO9yfhJN7CN-fBporYBpV8xcNyAtc""}"
ck5gzitie20b60978ldgxzntq,ck5gy4i81t7t80doq5a6dh05t,https://storage.labelbox.com/cjhh4jecg4hje0702omie6eqq%2Fd4fc4d30-f12e-688b-66f0-0e863c500516-2020-01-16T08%3A17%3A02.jpg?Expires=1580497470461&KeyName=labelbox-assets-key-1&Signature=m7-MDxIJcAbjOg6Q9giuyupLmwo,"{""Free space"":[{""geometry"":[{""x"":39,""y"":1080},{""x"":316,""y"":900},{""x"":353,""y"":873},{""x"":398,""y"":864},{""x"":536,""y"":883},{""x"":640,""y"":788},{""x"":629,""y"":687},{""x"":913,""y"":495},{""x"":967,""y"":496},{""x"":986,""y"":480},{""x"":986,""y"":446},{""x"":1025,""y"":449},{""x"":1036,""y"":437},{""x"":1033,""y"":412},{""x"":1056,""y"":401},{""x"":1083,""y"":401},{""x"":1100,""y"":383},{""x"":1349,""y"":385},{""x"":1421,""y"":389},{""x"":1461,""y"":391},{""x"":1477,""y"":395},{""x"":1477,""y"":453},{""x"":1616,""y"":524},{""x"":1791,""y"":623},{""x"":1920,""y"":612},{""x"":1920,""y"":1080}]}]}",jseng@calpoly.edu,Free space segmentation,1579194317000,1579194317000,66.443,2020-01-16T08:17:02.jpg,,,,,Free space detection,"[{""id"":""ck5gzkc09agtf0929t5c84q07"",""score"":1,""createdAt"":""2020-01-16T17:06:28.000Z"",""createdBy"":""jseng@calpoly.edu""}]",https://image-segmentation-v4.labelbox.com?project=ck5gy7bbahfmg0899r5bnnrl4&label=ck5gzitie20b60978ldgxzntq,"{""Free space"":""https://faas-gateway.labelbox.com/function/mask-exporter?jwt=eyJhbGciOiJIUzI1NiIsInR5cCI6IkpXVCJ9.eyJsYWJlbElkIjoiY2s1Z3ppdGllMjBiNjA5NzhsZGd4em50cSIsImNsYXNzTmFtZSI6IkZyZWUgc3BhY2UiLCJ1c2VySWQiOiJjamhoZGVkZXY4bWhhMDc1NnA3ZW1qNndmIiwiaWF0IjoxNTc5Mjg3ODcwLCJleHAiOjE3MzY5Njc4NzB9.proXK6-rYWEIzXgwjpHKMPMqrYr0af7AHMmUl_Q05J8""}"
ck5gzjlqjmj8107705rrhpz5v,ck5gy4i84t7ws0doqfb6qf7zy,https://storage.labelbox.com/cjhh4jecg4hje0702omie6eqq%2F14dcbe78-1aa8-3b56-3f36-fbd23f648a09-2020-01-16T08%3A17%3A42.jpg?Expires=1580497470461&KeyName=labelbox-assets-key-1&Signature=gXbyPoq4jFSijItKWKj9N_4zLR4,"{""Free space"":[{""geometry"":[{""x"":0,""y"":844},{""x"":307,""y"":773},{""x"":457,""y"":740},{""x"":515,""y"":788},{""x"":732,""y"":728},{""x"":884,""y"":724},{""x"":995,""y"":760},{""x"":1128,""y"":763},{""x"":1260,""y"":698},{""x"":1280,""y"":614},{""x"":1368,""y"":579},{""x"":1371,""y"":504},{""x"":1495,""y"":471},{""x"":1546,""y"":483},{""x"":1577,""y"":470},{""x"":1589,""y"":443},{""x"":1700,""y"":417},{""x"":1890,""y"":451},{""x"":1920,""y"":461},{""x"":1920,""y"":1080},{""x"":0,""y"":1080}]}]}",jseng@calpoly.edu,Free space segmentation,1579194354000,1579194354000,36.253,2020-01-16T08:17:42.jpg,,,,,Free space detection,"[{""id"":""ck5gzkdbi1vwt0843zlftoftl"",""score"":1,""createdAt"":""2020-01-16T17:06:29.000Z"",""createdBy"":""jseng@calpoly.edu""}]",https://image-segmentation-v4.labelbox.com?project=ck5gy7bbahfmg0899r5bnnrl4&label=ck5gzjlqjmj8107705rrhpz5v,"{""Free space"":""https://faas-gateway.labelbox.com/function/mask-exporter?jwt=eyJhbGciOiJIUzI1NiIsInR5cCI6IkpXVCJ9.eyJsYWJlbElkIjoiY2s1Z3pqbHFqbWo4MTA3NzA1cnJocHo1diIsImNsYXNzTmFtZSI6IkZyZWUgc3BhY2UiLCJ1c2VySWQiOiJjamhoZGVkZXY4bWhhMDc1NnA3ZW1qNndmIiwiaWF0IjoxNTc5Mjg3ODcwLCJleHAiOjE3MzY5Njc4NzB9.th_YdwUEcbfzTZcdzIRqQxCvbQMH8etcXK1gDfzGFU4""}"
ck5h08cpqmgfq0766mohpb8ke,ck5gy4i8bt80c0doq7k3eh4oq,https://storage.labelbox.com/cjhh4jecg4hje0702omie6eqq%2F2c5d6e61-2c34-604c-93bf-976a21ed54d2-2020-01-16T08%3A18%3A21.jpg?Expires=1580497470461&KeyName=labelbox-assets-key-1&Signature=pCwvGZMvzpgZHkB2IuyX1mrtgZk,"{""Free space"":[{""geometry"":[{""x"":0,""y"":790},{""x"":83,""y"":648},{""x"":91,""y"":618},{""x"":117,""y"":573},{""x"":139,""y"":567},{""x"":248,""y"":446},{""x"":313,""y"":369},{""x"":314,""y"":355},{""x"":447,""y"":340},{""x"":482,""y"":354},{""x"":563,""y"":375},{""x"":784,""y"":414},{""x"":976,""y"":400},{""x"":975,""y"":461},{""x"":1420,""y"":567},{""x"":1867,""y"":690},{""x"":1920,""y"":714},{""x"":1920,""y"":1080},{""x"":0,""y"":1080}]}]}",jseng@calpoly.edu,Free space segmentation,1579195508000,1579195508000,34.56,2020-01-16T08:18:21.jpg,,,,,Free space detection,"[{""id"":""ck5h36rl6jlvc0899akf3uxl7"",""score"":1,""createdAt"":""2020-01-16T18:47:53.000Z"",""createdBy"":""jseng@calpoly.edu""}]",https://image-segmentation-v4.labelbox.com?project=ck5gy7bbahfmg0899r5bnnrl4&label=ck5h08cpqmgfq0766mohpb8ke,"{""Free space"":""https://faas-gateway.labelbox.com/function/mask-exporter?jwt=eyJhbGciOiJIUzI1NiIsInR5cCI6IkpXVCJ9.eyJsYWJlbElkIjoiY2s1aDA4Y3BxbWdmcTA3NjZtb2hwYjhrZSIsImNsYXNzTmFtZSI6IkZyZWUgc3BhY2UiLCJ1c2VySWQiOiJjamhoZGVkZXY4bWhhMDc1NnA3ZW1qNndmIiwiaWF0IjoxNTc5Mjg3ODcwLCJleHAiOjE3MzY5Njc4NzB9.tXGVa6-8Eb5cM-7a97VHGg2-TiJpIy9mWWHCzAj8vTI""}"
ck5h08y042cgd0978w4maskbv,ck5gy4i8et83w0doq4jg3dkyv,https://storage.labelbox.com/cjhh4jecg4hje0702omie6eqq%2F2ba7869f-5f0a-f4e2-a119-10c9e252adbf-2020-01-16T08%3A19%3A01.jpg?Expires=1580497470461&KeyName=labelbox-assets-key-1&Signature=bw8DsQ6tv5wd6nd2kPmDdXVxneA,"{""Free space"":[{""geometry"":[{""x"":0,""y"":562},{""x"":292,""y"":533},{""x"":589,""y"":504},{""x"":735,""y"":491},{""x"":755,""y"":504},{""x"":881,""y"":495},{""x"":881,""y"":478},{""x"":1314,""y"":447},{""x"":1479,""y"":441},{""x"":1462,""y"":673},{""x"":1465,""y"":726},{""x"":1772,""y"":871},{""x"":1920,""y"":946},{""x"":1920,""y"":1080},{""x"":0,""y"":1080}]}]}",jseng@calpoly.edu,Free space segmentation,1579195536000,1579195536000,27.272,2020-01-16T08:19:01.jpg,,,,,Free space detection,"[{""id"":""ck5h36t5ubwxb0929bdzk7lso"",""score"":1,""createdAt"":""2020-01-16T18:47:55.000Z"",""createdBy"":""jseng@calpoly.edu""}]",https://image-segmentation-v4.labelbox.com?project=ck5gy7bbahfmg0899r5bnnrl4&label=ck5h08y042cgd0978w4maskbv,"{""Free space"":""https://faas-gateway.labelbox.com/function/mask-exporter?jwt=eyJhbGciOiJIUzI1NiIsInR5cCI6IkpXVCJ9.eyJsYWJlbElkIjoiY2s1aDA4eTA0MmNnZDA5Nzh3NG1hc2tidiIsImNsYXNzTmFtZSI6IkZyZWUgc3BhY2UiLCJ1c2VySWQiOiJjamhoZGVkZXY4bWhhMDc1NnA3ZW1qNndmIiwiaWF0IjoxNTc5Mjg3ODcwLCJleHAiOjE3MzY5Njc4NzB9.baeF2LDLAkQbeZTpmwF3iMKoXmjlOfl8bzZvuSuSods""}"
ck5h0a4wimvwd0770k5pc1h53,ck5gy4i81t7tk0doqg6hr3kid,https://storage.labelbox.com/cjhh4jecg4hje0702omie6eqq%2F344b4bd0-5ed7-aa01-c3d8-81e154895eba-2020-01-16T08%3A17%3A06.jpg?Expires=1580497470461&KeyName=labelbox-assets-key-1&Signature=P3qb2CX4DeqktOZh9FMWQmFYMQQ,"{""Free space"":[{""geometry"":[{""x"":0,""y"":973},{""x"":202,""y"":772},{""x"":404,""y"":599},{""x"":471,""y"":552},{""x"":548,""y"":552},{""x"":575,""y"":520},{""x"":574,""y"":449},{""x"":648,""y"":449},{""x"":665,""y"":435},{""x"":661,""y"":397},{""x"":701,""y"":373},{""x"":735,""y"":376},{""x"":744,""y"":355},{""x"":764,""y"":344},{""x"":1034,""y"":339},{""x"":1139,""y"":339},{""x"":1205,""y"":344},{""x"":1225,""y"":343},{""x"":1222,""y"":361},{""x"":1266,""y"":374},{""x"":1264,""y"":430},{""x"":1489,""y"":530},{""x"":1741,""y"":654},{""x"":1920,""y"":761},{""x"":1920,""y"":1080},{""x"":0,""y"":1080}]}]}",jseng@calpoly.edu,Free space segmentation,1579195592000,1579195592000,55.329,2020-01-16T08:17:06.jpg,,,,,Free space detection,"[{""id"":""ck5h36voto0fc07702grplxhm"",""score"":1,""createdAt"":""2020-01-16T18:47:58.000Z"",""createdBy"":""jseng@calpoly.edu""}]",https://image-segmentation-v4.labelbox.com?project=ck5gy7bbahfmg0899r5bnnrl4&label=ck5h0a4wimvwd0770k5pc1h53,"{""Free space"":""https://faas-gateway.labelbox.com/function/mask-exporter?jwt=eyJhbGciOiJIUzI1NiIsInR5cCI6IkpXVCJ9.eyJsYWJlbElkIjoiY2s1aDBhNHdpbXZ3ZDA3NzBrNXBjMWg1MyIsImNsYXNzTmFtZSI6IkZyZWUgc3BhY2UiLCJ1c2VySWQiOiJjamhoZGVkZXY4bWhhMDc1NnA3ZW1qNndmIiwiaWF0IjoxNTc5Mjg3ODcwLCJleHAiOjE3MzY5Njc4NzB9.dAfZopvZxpiBXwOkW62i5tfj8J5djjfU0mg2UibwDmg""}"
ck5h35bhl3awh08434f8krlei,ck5gy4i88t7x40doqhjclamxx,https://storage.labelbox.com/cjhh4jecg4hje0702omie6eqq%2Fef6d9a08-59d2-1eb5-4df1-6bfe38810292-2020-01-16T08%3A17%3A45.jpg?Expires=1580497470461&KeyName=labelbox-assets-key-1&Signature=EG4hoMT7DnGDbEUBPESngda9Kyc,"{""Free space"":[{""geometry"":[{""x"":0,""y"":852},{""x"":50,""y"":804},{""x"":65,""y"":788},{""x"":170,""y"":804},{""x"":270,""y"":718},{""x"":259,""y"":644},{""x"":468,""y"":517},{""x"":575,""y"":445},{""x"":598,""y"":446},{""x"":618,""y"":447},{""x"":1128,""y"":439},{""x"":1335,""y"":439},{""x"":1370,""y"":434},{""x"":1412,""y"":451},{""x"":1462,""y"":453},{""x"":1459,""y"":542},{""x"":1454,""y"":579},{""x"":1702,""y"":731},{""x"":1876,""y"":848},{""x"":1920,""y"":885},{""x"":1920,""y"":1080},{""x"":0,""y"":1080}]}]}",jseng@calpoly.edu,Free space segmentation,1579200406000,1579200406000,36.911,2020-01-16T08:17:45.jpg,,,,,Free space detection,"[{""id"":""ck5h36ymyc5cj0952ovp0vc4w"",""score"":1,""createdAt"":""2020-01-16T18:48:02.000Z"",""createdBy"":""jseng@calpoly.edu""}]",https://image-segmentation-v4.labelbox.com?project=ck5gy7bbahfmg0899r5bnnrl4&label=ck5h35bhl3awh08434f8krlei,"{""Free space"":""https://faas-gateway.labelbox.com/function/mask-exporter?jwt=eyJhbGciOiJIUzI1NiIsInR5cCI6IkpXVCJ9.eyJsYWJlbElkIjoiY2s1aDM1YmhsM2F3aDA4NDM0ZjhrcmxlaSIsImNsYXNzTmFtZSI6IkZyZWUgc3BhY2UiLCJ1c2VySWQiOiJjamhoZGVkZXY4bWhhMDc1NnA3ZW1qNndmIiwiaWF0IjoxNTc5Mjg3ODcwLCJleHAiOjE3MzY5Njc4NzB9.Hu7nECznQeywivW9xFvGtFkUJ7bY2b3vqQ9V3QUH97M""}"
ck5h36g2wc5610952704k74co,ck5gy4i8bt80o0doq7l6oh52p,https://storage.labelbox.com/cjhh4jecg4hje0702omie6eqq%2F2919cbc2-7c57-2c9a-def0-eddf0025f0b6-2020-01-16T08%3A18%3A25.jpg?Expires=1580497470461&KeyName=labelbox-assets-key-1&Signature=XRc6HVK1Sh54xzaOt4ch4fQaJ4Q,"{""Free space"":[{""geometry"":[{""x"":0,""y"":862},{""x"":66,""y"":804},{""x"":104,""y"":797},{""x"":113,""y"":781},{""x"":137,""y"":785},{""x"":305,""y"":652},{""x"":533,""y"":492},{""x"":718,""y"":369},{""x"":788,""y"":330},{""x"":788,""y"":305},{""x"":943,""y"":297},{""x"":963,""y"":296},{""x"":1033,""y"":321},{""x"":1057,""y"":322},{""x"":1061,""y"":333},{""x"":1271,""y"":402},{""x"":1469,""y"":476},{""x"":1768,""y"":482},{""x"":1884,""y"":537},{""x"":1875,""y"":619},{""x"":1867,""y"":653},{""x"":1920,""y"":684},{""x"":1920,""y"":1080},{""x"":0,""y"":1080}]}]}",jseng@calpoly.edu,Free space segmentation,1579200458000,1579200458000,52.367,2020-01-16T08:18:25.jpg,,,,,Free space detection,"[{""id"":""ck5h37eh3c5hu0952jyhwahd1"",""score"":1,""createdAt"":""2020-01-16T18:48:23.000Z"",""createdBy"":""jseng@calpoly.edu""}]",https://image-segmentation-v4.labelbox.com?project=ck5gy7bbahfmg0899r5bnnrl4&label=ck5h36g2wc5610952704k74co,"{""Free space"":""https://faas-gateway.labelbox.com/function/mask-exporter?jwt=eyJhbGciOiJIUzI1NiIsInR5cCI6IkpXVCJ9.eyJsYWJlbElkIjoiY2s1aDM2ZzJ3YzU2MTA5NTI3MDRrNzRjbyIsImNsYXNzTmFtZSI6IkZyZWUgc3BhY2UiLCJ1c2VySWQiOiJjamhoZGVkZXY4bWhhMDc1NnA3ZW1qNndmIiwiaWF0IjoxNTc5Mjg3ODcwLCJleHAiOjE3MzY5Njc4NzB9.I1LHfeIgRss6N3M7iagt0bbtAnydYA0fW8kZgJ_xU-A""}"
ck5h6cma9oyd80766kmpuhsq4,ck5gy4i8ft8480doqdyez9cte,https://storage.labelbox.com/cjhh4jecg4hje0702omie6eqq%2F74d0e8b1-3201-0369-c2d7-94d872dc3f33-2020-01-16T08%3A19%3A05.jpg?Expires=1580497470461&KeyName=labelbox-assets-key-1&Signature=3YlW0omTYJvR5FhOwCLf5f2dI6U,"{""Free space"":[{""geometry"":[{""x"":122,""y"":1080},{""x"":476,""y"":856},{""x"":804,""y"":649},{""x"":905,""y"":583},{""x"":1003,""y"":594},{""x"":1049,""y"":552},{""x"":1048,""y"":519},{""x"":1144,""y"":451},{""x"":1139,""y"":428},{""x"":1168,""y"":408},{""x"":1222,""y"":412},{""x"":1236,""y"":406},{""x"":1449,""y"":421},{""x"":1523,""y"":429},{""x"":1535,""y"":421},{""x"":1833,""y"":451},{""x"":1920,""y"":464},{""x"":1920,""y"":1080}]}]}",jseng@calpoly.edu,Free space segmentation,1579205785000,1579205785000,64.861,2020-01-16T08:19:05.jpg,,,,,Free space detection,"[{""id"":""ck5h6cxjid8fq0929fynr213s"",""score"":1,""createdAt"":""2020-01-16T20:16:40.000Z"",""createdBy"":""jseng@calpoly.edu""}]",https://image-segmentation-v4.labelbox.com?project=ck5gy7bbahfmg0899r5bnnrl4&label=ck5h6cma9oyd80766kmpuhsq4,"{""Free space"":""https://faas-gateway.labelbox.com/function/mask-exporter?jwt=eyJhbGciOiJIUzI1NiIsInR5cCI6IkpXVCJ9.eyJsYWJlbElkIjoiY2s1aDZjbWE5b3lkODA3NjZrbXB1aHNxNCIsImNsYXNzTmFtZSI6IkZyZWUgc3BhY2UiLCJ1c2VySWQiOiJjamhoZGVkZXY4bWhhMDc1NnA3ZW1qNndmIiwiaWF0IjoxNTc5Mjg3ODcwLCJleHAiOjE3MzY5Njc4NzB9.Up34--nZ6c_hSnZwAMOfUfxMl9t0NyN2oYH27QCCgYc""}"
ck5h94z7s5rvc0978aw4tod8m,ck5gy4i82t7tw0doq11b53mz0,https://storage.labelbox.com/cjhh4jecg4hje0702omie6eqq%2F2949d5b3-0789-7f56-f137-37522759c446-2020-01-16T08%3A17%3A10.jpg?Expires=1580497470462&KeyName=labelbox-assets-key-1&Signature=GEXcFFbv81UqfoiofHtAIWYecYo,"{""Free space"":[{""geometry"":[{""x"":0,""y"":673},{""x"":63,""y"":677},{""x"":80,""y"":682},{""x"":214,""y"":684},{""x"":278,""y"":632},{""x"":273,""y"":585},{""x"":402,""y"":495},{""x"":488,""y"":441},{""x"":544,""y"":439},{""x"":577,""y"":409},{""x"":623,""y"":380},{""x"":951,""y"":369},{""x"":1091,""y"":363},{""x"":1102,""y"":369},{""x"":1172,""y"":367},{""x"":1217,""y"":376},{""x"":1256,""y"":372},{""x"":1251,""y"":406},{""x"":1372,""y"":445},{""x"":1465,""y"":475},{""x"":1459,""y"":559},{""x"":1455,""y"":596},{""x"":1645,""y"":702},{""x"":1833,""y"":810},{""x"":1920,""y"":876},{""x"":1920,""y"":1080},{""x"":0,""y"":1080}]}]}",jseng@calpoly.edu,Free space segmentation,1579210467000,1579210467000,51.247,2020-01-16T08:17:10.jpg,,,,,Free space detection,"[{""id"":""ck5h95txtlxno08994oximjpa"",""score"":1,""createdAt"":""2020-01-16T21:35:07.000Z"",""createdBy"":""jseng@calpoly.edu""}]",https://image-segmentation-v4.labelbox.com?project=ck5gy7bbahfmg0899r5bnnrl4&label=ck5h94z7s5rvc0978aw4tod8m,"{""Free space"":""https://faas-gateway.labelbox.com/function/mask-exporter?jwt=eyJhbGciOiJIUzI1NiIsInR5cCI6IkpXVCJ9.eyJsYWJlbElkIjoiY2s1aDk0ejdzNXJ2YzA5NzhhdzR0b2Q4bSIsImNsYXNzTmFtZSI6IkZyZWUgc3BhY2UiLCJ1c2VySWQiOiJjamhoZGVkZXY4bWhhMDc1NnA3ZW1qNndmIiwiaWF0IjoxNTc5Mjg3ODcwLCJleHAiOjE3MzY5Njc4NzB9.iFo6dSNXc2JIkP2AHu8hQsBgp-xvgg6V5k-qBDOya2E""}"
ck5h95miref8809527rhme44d,ck5gy4i88t7xg0doqf8y36l02,https://storage.labelbox.com/cjhh4jecg4hje0702omie6eqq%2Fef3de726-b9ac-d090-c33a-0d8f2e802126-2020-01-16T08%3A17%3A49.jpg?Expires=1580497470462&KeyName=labelbox-assets-key-1&Signature=l_WFz_pJcwBgPdbhajSjzEb0K6c,"{""Free space"":[{""geometry"":[{""x"":0,""y"":748},{""x"":396,""y"":722},{""x"":984,""y"":652},{""x"":1251,""y"":616},{""x"":1265,""y"":587},{""x"":1399,""y"":639},{""x"":1711,""y"":577},{""x"":1707,""y"":544},{""x"":1626,""y"":513},{""x"":1785,""y"":497},{""x"":1826,""y"":512},{""x"":1863,""y"":503},{""x"":1866,""y"":459},{""x"":1920,""y"":480},{""x"":1920,""y"":1080},{""x"":0,""y"":1080}]}]}",jseng@calpoly.edu,Free space segmentation,1579210498000,1579210498000,29.874,2020-01-16T08:17:49.jpg,,,,,Free space detection,"[{""id"":""ck5h95wmhe82h0929ks4lkxz7"",""score"":1,""createdAt"":""2020-01-16T21:35:11.000Z"",""createdBy"":""jseng@calpoly.edu""}]",https://image-segmentation-v4.labelbox.com?project=ck5gy7bbahfmg0899r5bnnrl4&label=ck5h95miref8809527rhme44d,"{""Free space"":""https://faas-gateway.labelbox.com/function/mask-exporter?jwt=eyJhbGciOiJIUzI1NiIsInR5cCI6IkpXVCJ9.eyJsYWJlbElkIjoiY2s1aDk1bWlyZWY4ODA5NTI3cmhtZTQ0ZCIsImNsYXNzTmFtZSI6IkZyZWUgc3BhY2UiLCJ1c2VySWQiOiJjamhoZGVkZXY4bWhhMDc1NnA3ZW1qNndmIiwiaWF0IjoxNTc5Mjg3ODcwLCJleHAiOjE3MzY5Njc4NzB9.Hm_e-uI_bCcszuSmmePEQfcVXi37oacWDDSrCTd5xoY""}"
ck5h9c9n3udti0835cyea22w9,ck5gy4i8bt8100doqhlujhd6h,https://storage.labelbox.com/cjhh4jecg4hje0702omie6eqq%2Facdfd7d6-1cd0-9d2e-c481-72e619707234-2020-01-16T08%3A18%3A29.jpg?Expires=1580497470462&KeyName=labelbox-assets-key-1&Signature=nv6C6vrg7NEvFbW2e4QNAL0VS0s,"{""Free space"":[{""geometry"":[{""x"":0,""y"":990},{""x"":179,""y"":945},{""x"":488,""y"":862},{""x"":665,""y"":823},{""x"":734,""y"":827},{""x"":767,""y"":831},{""x"":1137,""y"":699},{""x"":1202,""y"":661},{""x"":1211,""y"":635},{""x"":1372,""y"":573},{""x"":1450,""y"":561},{""x"":1693,""y"":450},{""x"":1810,""y"":389},{""x"":1814,""y"":364},{""x"":1920,""y"":380},{""x"":1920,""y"":1080},{""x"":0,""y"":1080}]}]}",jseng@calpoly.edu,Free space segmentation,1579210808000,1579210808000,31.893,2020-01-16T08:18:29.jpg,,,,,Free space detection,"[{""id"":""ck5he2u4tr8870766hcz3kf2c"",""score"":1,""createdAt"":""2020-01-16T23:52:46.000Z"",""createdBy"":""jseng@calpoly.edu""}]",https://image-segmentation-v4.labelbox.com?project=ck5gy7bbahfmg0899r5bnnrl4&label=ck5h9c9n3udti0835cyea22w9,"{""Free space"":""https://faas-gateway.labelbox.com/function/mask-exporter?jwt=eyJhbGciOiJIUzI1NiIsInR5cCI6IkpXVCJ9.eyJsYWJlbElkIjoiY2s1aDljOW4zdWR0aTA4MzVjeWVhMjJ3OSIsImNsYXNzTmFtZSI6IkZyZWUgc3BhY2UiLCJ1c2VySWQiOiJjamhoZGVkZXY4bWhhMDc1NnA3ZW1qNndmIiwiaWF0IjoxNTc5Mjg3ODcwLCJleHAiOjE3MzY5Njc4NzB9.9X1iUtJb29ovu4GMWbJAdU5OkmmOMf78NRSb18QyE-k""}"
ck5h9dp9gq01f0766zgawserr,ck5gy4i8ft84k0doqfpcbdwbn,https://storage.labelbox.com/cjhh4jecg4hje0702omie6eqq%2Fac98e0b5-e197-9ec3-ad6d-3e843517251c-2020-01-16T08%3A19%3A08.jpg?Expires=1580497470462&KeyName=labelbox-assets-key-1&Signature=f5qr7sA-8a8T_b2_WSMTepFeOco,"{""Free space"":[{""geometry"":[{""x"":1920,""y"":1080},{""x"":39,""y"":1080},{""x"":100,""y"":1001},{""x"":66,""y"":909},{""x"":226,""y"":759},{""x"":394,""y"":607},{""x"":496,""y"":607},{""x"":523,""y"":579},{""x"":907,""y"":567},{""x"":1042,""y"":562},{""x"":1062,""y"":590},{""x"":1232,""y"":585},{""x"":1235,""y"":554},{""x"":1669,""y"":545},{""x"":1842,""y"":542},{""x"":1920,""y"":536}]}]}",jseng@calpoly.edu,Free space segmentation,1579210874000,1579210874000,66.442,2020-01-16T08:19:08.jpg,,,,,Free space detection,"[{""id"":""ck5he2w0zfpxs0952ahe44jpk"",""score"":1,""createdAt"":""2020-01-16T23:52:48.000Z"",""createdBy"":""jseng@calpoly.edu""}]",https://image-segmentation-v4.labelbox.com?project=ck5gy7bbahfmg0899r5bnnrl4&label=ck5h9dp9gq01f0766zgawserr,"{""Free space"":""https://faas-gateway.labelbox.com/function/mask-exporter?jwt=eyJhbGciOiJIUzI1NiIsInR5cCI6IkpXVCJ9.eyJsYWJlbElkIjoiY2s1aDlkcDlncTAxZjA3NjZ6Z2F3c2VyciIsImNsYXNzTmFtZSI6IkZyZWUgc3BhY2UiLCJ1c2VySWQiOiJjamhoZGVkZXY4bWhhMDc1NnA3ZW1qNndmIiwiaWF0IjoxNTc5Mjg3ODcwLCJleHAiOjE3MzY5Njc4NzB9.tcxaziVnvpf1JOpCMGfGFKH70SrvvTo_wAJcSeI9hFU""}"
ck5h9edazei4y0952eyyjc9p4,ck5gy4i82t7u80doqhomp816y,https://storage.labelbox.com/cjhh4jecg4hje0702omie6eqq%2Ffd0a691a-772b-b80f-374b-282632d5dbf5-2020-01-16T08%3A17%3A13.jpg?Expires=1580497470462&KeyName=labelbox-assets-key-1&Signature=nm9k5DcGplLqAGxsHmclGTddqSU,"{""Free space"":[{""geometry"":[{""x"":0,""y"":592},{""x"":24,""y"":553},{""x"":375,""y"":493},{""x"":488,""y"":567},{""x"":768,""y"":751},{""x"":954,""y"":875},{""x"":1201,""y"":1024},{""x"":1422,""y"":904},{""x"":1434,""y"":801},{""x"":1438,""y"":753},{""x"":1673,""y"":616},{""x"":1842,""y"":513},{""x"":1896,""y"":524},{""x"":1920,""y"":475},{""x"":1920,""y"":1080},{""x"":0,""y"":1080}]}]}",jseng@calpoly.edu,Free space segmentation,1579210906000,1579210906000,30.875,2020-01-16T08:17:13.jpg,,,,,Free space detection,"[{""id"":""ck5he2xq8734v0978di8gduze"",""score"":1,""createdAt"":""2020-01-16T23:52:50.000Z"",""createdBy"":""jseng@calpoly.edu""}]",https://image-segmentation-v4.labelbox.com?project=ck5gy7bbahfmg0899r5bnnrl4&label=ck5h9edazei4y0952eyyjc9p4,"{""Free space"":""https://faas-gateway.labelbox.com/function/mask-exporter?jwt=eyJhbGciOiJIUzI1NiIsInR5cCI6IkpXVCJ9.eyJsYWJlbElkIjoiY2s1aDllZGF6ZWk0eTA5NTJleXlqYzlwNCIsImNsYXNzTmFtZSI6IkZyZWUgc3BhY2UiLCJ1c2VySWQiOiJjamhoZGVkZXY4bWhhMDc1NnA3ZW1qNndmIiwiaWF0IjoxNTc5Mjg3ODcwLCJleHAiOjE3MzY5Njc4NzB9.0ssVBwJ36ijI-gji4LjOhkVpWMpsiEG_ZNp6rOZvaAw""}"
ck5he0znur7sp0766ik5guipc,ck5gy4i89t7xs0doq360ye2f8,https://storage.labelbox.com/cjhh4jecg4hje0702omie6eqq%2F88d099c9-f028-5b55-5cf1-5847d2bf9ab4-2020-01-16T08%3A17%3A53.jpg?Expires=1580497470462&KeyName=labelbox-assets-key-1&Signature=JStj9yItRDx96A6Iep4EW8zVchQ,"{""Free space"":[{""geometry"":[{""x"":0,""y"":865},{""x"":221,""y"":683},{""x"":320,""y"":689},{""x"":393,""y"":627},{""x"":383,""y"":501},{""x"":557,""y"":503},{""x"":587,""y"":479},{""x"":585,""y"":442},{""x"":623,""y"":418},{""x"":811,""y"":423},{""x"":858,""y"":390},{""x"":873,""y"":354},{""x"":1077,""y"":351},{""x"":1197,""y"":352},{""x"":1204,""y"":355},{""x"":1253,""y"":356},{""x"":1254,""y"":352},{""x"":1384,""y"":354},{""x"":1382,""y"":385},{""x"":1525,""y"":430},{""x"":1646,""y"":475},{""x"":1823,""y"":479},{""x"":1791,""y"":688},{""x"":1776,""y"":760},{""x"":1920,""y"":870},{""x"":1920,""y"":1080},{""x"":0,""y"":1080}]}]}",jseng@calpoly.edu,Free space segmentation,1579218679000,1579218679000,65.025,2020-01-16T08:17:53.jpg,,,,,Free space detection,"[{""id"":""ck5he2zr9fpyw09525g10mede"",""score"":1,""createdAt"":""2020-01-16T23:52:53.000Z"",""createdBy"":""jseng@calpoly.edu""}]",https://image-segmentation-v4.labelbox.com?project=ck5gy7bbahfmg0899r5bnnrl4&label=ck5he0znur7sp0766ik5guipc,"{""Free space"":""https://faas-gateway.labelbox.com/function/mask-exporter?jwt=eyJhbGciOiJIUzI1NiIsInR5cCI6IkpXVCJ9.eyJsYWJlbElkIjoiY2s1aGUwem51cjdzcDA3NjZpazVndWlwYyIsImNsYXNzTmFtZSI6IkZyZWUgc3BhY2UiLCJ1c2VySWQiOiJjamhoZGVkZXY4bWhhMDc1NnA3ZW1qNndmIiwiaWF0IjoxNTc5Mjg3ODcwLCJleHAiOjE3MzY5Njc4NzB9.pZ--oYDCGnv-h8KoyHwLOf2P0J_n29LoDPi0o-bahf4""}"
ck5he1yj5n7m10899wzu8a1r0,ck5gy4i8ct81c0doq48xhdx46,https://storage.labelbox.com/cjhh4jecg4hje0702omie6eqq%2Fd66a8716-4779-74fe-638b-4db95ef4eaa2-2020-01-16T08%3A18%3A32.jpg?Expires=1580497470462&KeyName=labelbox-assets-key-1&Signature=A3KVZP78mnR3FCtDKyoMSJDo4uQ,"{""Free space"":[{""geometry"":[{""x"":0,""y"":702},{""x"":224,""y"":631},{""x"":912,""y"":420},{""x"":1143,""y"":362},{""x"":1241,""y"":333},{""x"":1288,""y"":321},{""x"":1317,""y"":314},{""x"":1349,""y"":314},{""x"":1366,""y"":305},{""x"":1379,""y"":300},{""x"":1428,""y"":305},{""x"":1425,""y"":331},{""x"":1440,""y"":338},{""x"":1510,""y"":349},{""x"":1507,""y"":400},{""x"":1520,""y"":419},{""x"":1584,""y"":434},{""x"":1705,""y"":640},{""x"":1816,""y"":858},{""x"":1879,""y"":1011},{""x"":1908,""y"":1080},{""x"":0,""y"":1080}]}]}",jseng@calpoly.edu,Free space segmentation,1579218725000,1579218725000,44.828,2020-01-16T08:18:32.jpg,,,,,Free space detection,"[{""id"":""ck5he31x8fpzo0952gxpqi1zb"",""score"":1,""createdAt"":""2020-01-16T23:52:56.000Z"",""createdBy"":""jseng@calpoly.edu""}]",https://image-segmentation-v4.labelbox.com?project=ck5gy7bbahfmg0899r5bnnrl4&label=ck5he1yj5n7m10899wzu8a1r0,"{""Free space"":""https://faas-gateway.labelbox.com/function/mask-exporter?jwt=eyJhbGciOiJIUzI1NiIsInR5cCI6IkpXVCJ9.eyJsYWJlbElkIjoiY2s1aGUxeWo1bjdtMTA4OTl3enU4YTFyMCIsImNsYXNzTmFtZSI6IkZyZWUgc3BhY2UiLCJ1c2VySWQiOiJjamhoZGVkZXY4bWhhMDc1NnA3ZW1qNndmIiwiaWF0IjoxNTc5Mjg3ODcwLCJleHAiOjE3MzY5Njc4NzB9.4ei8Miw1TBl73xfmN5CD2kC1V6eYFs4WXWrkilOA59w""}"
ck5he2j07n7rq0899990jlwlo,ck5gy4i8ft84w0doqemc50u9l,https://storage.labelbox.com/cjhh4jecg4hje0702omie6eqq%2F18b95692-9a39-1d11-6c84-4be4fef544a6-2020-01-16T08%3A19%3A12.jpg?Expires=1580497470463&KeyName=labelbox-assets-key-1&Signature=lXUyX-VkmFTMi9NaT2gqEqwTaUM,"{""Free space"":[{""geometry"":[{""x"":0,""y"":955},{""x"":338,""y"":956},{""x"":717,""y"":929},{""x"":784,""y"":914},{""x"":778,""y"":855},{""x"":1076,""y"":817},{""x"":1401,""y"":747},{""x"":1608,""y"":691},{""x"":1696,""y"":725},{""x"":1763,""y"":703},{""x"":1887,""y"":740},{""x"":1920,""y"":755},{""x"":1920,""y"":1080},{""x"":0,""y"":1080}]}]}",jseng@calpoly.edu,Free space segmentation,1579218751000,1579218751000,26.269,2020-01-16T08:19:12.jpg,,,,,Free space detection,"[{""id"":""ck5he33evvmtx0835r5wt8otm"",""score"":1,""createdAt"":""2020-01-16T23:52:58.000Z"",""createdBy"":""jseng@calpoly.edu""}]",https://image-segmentation-v4.labelbox.com?project=ck5gy7bbahfmg0899r5bnnrl4&label=ck5he2j07n7rq0899990jlwlo,"{""Free space"":""https://faas-gateway.labelbox.com/function/mask-exporter?jwt=eyJhbGciOiJIUzI1NiIsInR5cCI6IkpXVCJ9.eyJsYWJlbElkIjoiY2s1aGUyajA3bjdycTA4OTk5OTBqbHdsbyIsImNsYXNzTmFtZSI6IkZyZWUgc3BhY2UiLCJ1c2VySWQiOiJjamhoZGVkZXY4bWhhMDc1NnA3ZW1qNndmIiwiaWF0IjoxNTc5Mjg3ODcwLCJleHAiOjE3MzY5Njc4NzB9.tPPTJqGA1ke5ObWTMKy92pfmb5hmGN-HqV7AtObgVn0""}"
ck5he8u17fr140952r0omp4dm,ck5gy4i82t7uk0doqgp8uf90x,https://storage.labelbox.com/cjhh4jecg4hje0702omie6eqq%2Fd0a5872e-6c1a-ff41-d866-5fbcb0dc565e-2020-01-16T08%3A17%3A17.jpg?Expires=1580497470463&KeyName=labelbox-assets-key-1&Signature=mYm4exrnXk8VTtHfxZn3IUmz2sE,"{""Free space"":[{""geometry"":[{""x"":276,""y"":1080},{""x"":426,""y"":928},{""x"":610,""y"":721},{""x"":747,""y"":585},{""x"":775,""y"":578},{""x"":1298,""y"":577},{""x"":1393,""y"":587},{""x"":1642,""y"":843},{""x"":1805,""y"":1049},{""x"":1829,""y"":1080}]}]}",jseng@calpoly.edu,Free space segmentation,1579219045000,1579219167000,41.056,2020-01-16T08:17:17.jpg,,,,,Free space detection,"[{""id"":""ck5hebihjfkhq0929tcg2yp47"",""score"":1,""createdAt"":""2020-01-16T23:59:30.000Z"",""createdBy"":""jseng@calpoly.edu""}]",https://image-segmentation-v4.labelbox.com?project=ck5gy7bbahfmg0899r5bnnrl4&label=ck5he8u17fr140952r0omp4dm,"{""Free space"":""https://faas-gateway.labelbox.com/function/mask-exporter?jwt=eyJhbGciOiJIUzI1NiIsInR5cCI6IkpXVCJ9.eyJsYWJlbElkIjoiY2s1aGU4dTE3ZnIxNDA5NTJyMG9tcDRkbSIsImNsYXNzTmFtZSI6IkZyZWUgc3BhY2UiLCJ1c2VySWQiOiJjamhoZGVkZXY4bWhhMDc1NnA3ZW1qNndmIiwiaWF0IjoxNTc5Mjg3ODcwLCJleHAiOjE3MzY5Njc4NzB9.mrHt72EkvSBABEGdreJIdZWGw2CBnYdixdYAT4hZMKY""}"
ck5he9v9rroxi0770mq8wscsi,ck5gy4i89t7y40doqdy3a62cj,https://storage.labelbox.com/cjhh4jecg4hje0702omie6eqq%2Fb195e637-6fda-3edd-957e-1984521c1891-2020-01-16T08%3A17%3A56.jpg?Expires=1580497470463&KeyName=labelbox-assets-key-1&Signature=c4EDQ6-dyoFt54wSCSwWAxtRDKE,"{""Free space"":[{""geometry"":[{""x"":0,""y"":769},{""x"":83,""y"":795},{""x"":212,""y"":723},{""x"":201,""y"":677},{""x"":399,""y"":573},{""x"":479,""y"":530},{""x"":762,""y"":540},{""x"":868,""y"":502},{""x"":905,""y"":461},{""x"":902,""y"":393},{""x"":1105,""y"":391},{""x"":1322,""y"":394},{""x"":1388,""y"":396},{""x"":1414,""y"":398},{""x"":1425,""y"":404},{""x"":1494,""y"":405},{""x"":1495,""y"":399},{""x"":1533,""y"":399},{""x"":1693,""y"":406},{""x"":1689,""y"":471},{""x"":1872,""y"":552},{""x"":1920,""y"":579},{""x"":1920,""y"":1080},{""x"":0,""y"":1080}]}]}",jseng@calpoly.edu,Free space segmentation,1579219094000,1579219094000,47.985,2020-01-16T08:17:56.jpg,,,,,Free space detection,"[{""id"":""ck5hebkqan9kq08993o7xbz6j"",""score"":1,""createdAt"":""2020-01-16T23:59:33.000Z"",""createdBy"":""jseng@calpoly.edu""}]",https://image-segmentation-v4.labelbox.com?project=ck5gy7bbahfmg0899r5bnnrl4&label=ck5he9v9rroxi0770mq8wscsi,"{""Free space"":""https://faas-gateway.labelbox.com/function/mask-exporter?jwt=eyJhbGciOiJIUzI1NiIsInR5cCI6IkpXVCJ9.eyJsYWJlbElkIjoiY2s1aGU5djlycm94aTA3NzBtcTh3c2NzaSIsImNsYXNzTmFtZSI6IkZyZWUgc3BhY2UiLCJ1c2VySWQiOiJjamhoZGVkZXY4bWhhMDc1NnA3ZW1qNndmIiwiaWF0IjoxNTc5Mjg3ODcwLCJleHAiOjE3MzY5Njc4NzB9.D8FrAjS-t7nhj8qBvjDOPO6L5WoHoos1VSqvH4EaQ9w""}"
ck5heb47w710y0843tqp1utc8,ck5gy4i8ct81o0doqgn4pdnne,https://storage.labelbox.com/cjhh4jecg4hje0702omie6eqq%2F80de0206-f799-158b-e21d-a4daa973d227-2020-01-16T08%3A18%3A36.jpg?Expires=1580497470463&KeyName=labelbox-assets-key-1&Signature=O4owtXLLqZosAtDFan0ZBXVt7vI,"{""Free space"":[{""geometry"":[{""x"":0,""y"":810},{""x"":314,""y"":616},{""x"":598,""y"":464},{""x"":772,""y"":376},{""x"":845,""y"":341},{""x"":852,""y"":326},{""x"":890,""y"":325},{""x"":928,""y"":318},{""x"":938,""y"":311},{""x"":947,""y"":300},{""x"":1041,""y"":298},{""x"":1062,""y"":348},{""x"":1078,""y"":360},{""x"":1214,""y"":365},{""x"":1249,""y"":379},{""x"":1296,""y"":383},{""x"":1294,""y"":410},{""x"":1328,""y"":426},{""x"":1326,""y"":464},{""x"":1407,""y"":526},{""x"":1572,""y"":643},{""x"":1692,""y"":643},{""x"":1842,""y"":736},{""x"":1920,""y"":804},{""x"":1920,""y"":1080},{""x"":0,""y"":1080}]}]}",jseng@calpoly.edu,Free space segmentation,1579219152000,1579219152000,57.959,2020-01-16T08:18:36.jpg,,,,,Free space detection,"[{""id"":""ck5hebm2771580843ko4by05e"",""score"":1,""createdAt"":""2020-01-16T23:59:35.000Z"",""createdBy"":""jseng@calpoly.edu""}]",https://image-segmentation-v4.labelbox.com?project=ck5gy7bbahfmg0899r5bnnrl4&label=ck5heb47w710y0843tqp1utc8,"{""Free space"":""https://faas-gateway.labelbox.com/function/mask-exporter?jwt=eyJhbGciOiJIUzI1NiIsInR5cCI6IkpXVCJ9.eyJsYWJlbElkIjoiY2s1aGViNDd3NzEweTA4NDN0cXAxdXRjOCIsImNsYXNzTmFtZSI6IkZyZWUgc3BhY2UiLCJ1c2VySWQiOiJjamhoZGVkZXY4bWhhMDc1NnA3ZW1qNndmIiwiaWF0IjoxNTc5Mjg3ODcwLCJleHAiOjE3MzY5Njc4NzB9.1tIWnWhIRhKLj7Xebl900MCu56uHZR6HTlRcPC-c_dQ""}"
ck5hek52rfmoq09295uft1swo,ck5gy4i8ft8580doqhkrf3w2k,https://storage.labelbox.com/cjhh4jecg4hje0702omie6eqq%2F773363c3-4793-c19b-91b4-f429e84515a9-2020-01-16T08%3A19%3A16.jpg?Expires=1580497470463&KeyName=labelbox-assets-key-1&Signature=8ks2LZbprTAdbvi42gCb_9Um4eY,"{""Free space"":[{""geometry"":[{""x"":0,""y"":1042},{""x"":274,""y"":865},{""x"":424,""y"":767},{""x"":396,""y"":553},{""x"":396,""y"":453},{""x"":584,""y"":460},{""x"":622,""y"":458},{""x"":621,""y"":468},{""x"":713,""y"":474},{""x"":745,""y"":470},{""x"":1052,""y"":478},{""x"":1181,""y"":486},{""x"":1199,""y"":477},{""x"":1352,""y"":484},{""x"":1599,""y"":495},{""x"":1618,""y"":506},{""x"":1672,""y"":509},{""x"":1739,""y"":553},{""x"":1734,""y"":578},{""x"":1782,""y"":619},{""x"":1861,""y"":624},{""x"":1920,""y"":668},{""x"":1920,""y"":1080},{""x"":0,""y"":1080}]}]}",jseng@calpoly.edu,Free space segmentation,1579219573000,1579219573000,42.362,2020-01-16T08:19:16.jpg,,,,,Free space detection,"[{""id"":""ck5heo8u2fngt0929b5b4b74x"",""score"":1,""createdAt"":""2020-01-17T00:09:24.000Z"",""createdBy"":""jseng@calpoly.edu""}]",https://image-segmentation-v4.labelbox.com?project=ck5gy7bbahfmg0899r5bnnrl4&label=ck5hek52rfmoq09295uft1swo,"{""Free space"":""https://faas-gateway.labelbox.com/function/mask-exporter?jwt=eyJhbGciOiJIUzI1NiIsInR5cCI6IkpXVCJ9.eyJsYWJlbElkIjoiY2s1aGVrNTJyZm1vcTA5Mjk1dWZ0MXN3byIsImNsYXNzTmFtZSI6IkZyZWUgc3BhY2UiLCJ1c2VySWQiOiJjamhoZGVkZXY4bWhhMDc1NnA3ZW1qNndmIiwiaWF0IjoxNTc5Mjg3ODcwLCJleHAiOjE3MzY5Njc4NzB9.G5E5MPvUrZO5TSfl39yJs9ofkg3NK1MBdetb3QmMcDY""}"
ck5hekhlgnbft0899pryc59l8,ck5gy4i82t7uw0doq3imp4bab,https://storage.labelbox.com/cjhh4jecg4hje0702omie6eqq%2Fef07ba95-b260-b453-6e13-f09e41f7a317-2020-01-16T08%3A17%3A21.jpg?Expires=1580497470463&KeyName=labelbox-assets-key-1&Signature=ehyjeHurZhTJmZx82cWyKsi0lrw,"{""Free space"":[{""geometry"":[{""x"":1838,""y"":1080},{""x"":1893,""y"":1069},{""x"":1920,""y"":1080}]}]}",jseng@calpoly.edu,Free space segmentation,1579219589000,1579219589000,15.961,2020-01-16T08:17:21.jpg,,,,,Free space detection,"[{""id"":""ck5heoam0rrwd0770evrr0j9t"",""score"":1,""createdAt"":""2020-01-17T00:09:27.000Z"",""createdBy"":""jseng@calpoly.edu""}]",https://image-segmentation-v4.labelbox.com?project=ck5gy7bbahfmg0899r5bnnrl4&label=ck5hekhlgnbft0899pryc59l8,"{""Free space"":""https://faas-gateway.labelbox.com/function/mask-exporter?jwt=eyJhbGciOiJIUzI1NiIsInR5cCI6IkpXVCJ9.eyJsYWJlbElkIjoiY2s1aGVraGxnbmJmdDA4OTlwcnljNTlsOCIsImNsYXNzTmFtZSI6IkZyZWUgc3BhY2UiLCJ1c2VySWQiOiJjamhoZGVkZXY4bWhhMDc1NnA3ZW1qNndmIiwiaWF0IjoxNTc5Mjg3ODcwLCJleHAiOjE3MzY5Njc4NzB9.7BrZkkaY78q7SQauibMCVwBkulAbUHDm2UL-dNLVQHI""}"
ck5helgi9nbn20899dezz78we,ck5gy4i89t7yg0doq3ycw0t5a,https://storage.labelbox.com/cjhh4jecg4hje0702omie6eqq%2F0696e632-7779-955a-9030-1b4972385f92-2020-01-16T08%3A18%3A00.jpg?Expires=1580497470463&KeyName=labelbox-assets-key-1&Signature=441On2yASR2iSLaeGo4gmZG6UR0,"{""Free space"":[{""geometry"":[{""x"":113,""y"":1080},{""x"":170,""y"":1022},{""x"":359,""y"":839},{""x"":539,""y"":666},{""x"":565,""y"":642},{""x"":679,""y"":668},{""x"":721,""y"":543},{""x"":730,""y"":482},{""x"":721,""y"":419},{""x"":1097,""y"":416},{""x"":1184,""y"":417},{""x"":1182,""y"":526},{""x"":1194,""y"":539},{""x"":1216,""y"":540},{""x"":1344,""y"":700},{""x"":1539,""y"":936},{""x"":1652,""y"":1080}]}]}",jseng@calpoly.edu,Free space segmentation,1579219634000,1579219634000,44.899,2020-01-16T08:18:00.jpg,,,,,Free space detection,"[{""id"":""ck5heocjprrx70770t7lcfcxl"",""score"":1,""createdAt"":""2020-01-17T00:09:29.000Z"",""createdBy"":""jseng@calpoly.edu""}]",https://image-segmentation-v4.labelbox.com?project=ck5gy7bbahfmg0899r5bnnrl4&label=ck5helgi9nbn20899dezz78we,"{""Free space"":""https://faas-gateway.labelbox.com/function/mask-exporter?jwt=eyJhbGciOiJIUzI1NiIsInR5cCI6IkpXVCJ9.eyJsYWJlbElkIjoiY2s1aGVsZ2k5bmJuMjA4OTlkZXp6Nzh3ZSIsImNsYXNzTmFtZSI6IkZyZWUgc3BhY2UiLCJ1c2VySWQiOiJjamhoZGVkZXY4bWhhMDc1NnA3ZW1qNndmIiwiaWF0IjoxNTc5Mjg3ODcwLCJleHAiOjE3MzY5Njc4NzB9.gRV8eRSSyb39TW7SSvDZO4kpsrF2zL9WBpDBkkKgbCk""}"
ck5hema7lrri10770hrwc93fy,ck5gy4i8ct8200doq3rzh59wx,https://storage.labelbox.com/cjhh4jecg4hje0702omie6eqq%2Fe82c5211-cd25-4699-935f-0302e72e9875-2020-01-16T08%3A18%3A40.jpg?Expires=1580497470463&KeyName=labelbox-assets-key-1&Signature=A6AnVKCpA3k51s9qa6w1aO-ESHg,"{""Free space"":[{""geometry"":[{""x"":0,""y"":796},{""x"":518,""y"":477},{""x"":696,""y"":383},{""x"":702,""y"":355},{""x"":767,""y"":353},{""x"":809,""y"":341},{""x"":831,""y"":330},{""x"":843,""y"":311},{""x"":864,""y"":306},{""x"":991,""y"":309},{""x"":987,""y"":352},{""x"":1023,""y"":397},{""x"":1064,""y"":424},{""x"":1269,""y"":426},{""x"":1381,""y"":473},{""x"":1407,""y"":485},{""x"":1491,""y"":488},{""x"":1502,""y"":493},{""x"":1525,""y"":496},{""x"":1535,""y"":487},{""x"":1619,""y"":493},{""x"":1611,""y"":570},{""x"":1611,""y"":593},{""x"":1883,""y"":761},{""x"":1920,""y"":784},{""x"":1920,""y"":1080},{""x"":0,""y"":1080}]}]}",jseng@calpoly.edu,Free space segmentation,1579219673000,1579219673000,38.056,2020-01-16T08:18:40.jpg,,,,,Free space detection,"[{""id"":""ck5heofm9fuch0952q58gpda3"",""score"":1,""createdAt"":""2020-01-17T00:09:33.000Z"",""createdBy"":""jseng@calpoly.edu""}]",https://image-segmentation-v4.labelbox.com?project=ck5gy7bbahfmg0899r5bnnrl4&label=ck5hema7lrri10770hrwc93fy,"{""Free space"":""https://faas-gateway.labelbox.com/function/mask-exporter?jwt=eyJhbGciOiJIUzI1NiIsInR5cCI6IkpXVCJ9.eyJsYWJlbElkIjoiY2s1aGVtYTdscnJpMTA3NzBocndjOTNmeSIsImNsYXNzTmFtZSI6IkZyZWUgc3BhY2UiLCJ1c2VySWQiOiJjamhoZGVkZXY4bWhhMDc1NnA3ZW1qNndmIiwiaWF0IjoxNTc5Mjg3ODcwLCJleHAiOjE3MzY5Njc4NzB9.aKmb2tAyv3XaMzFjX5xUDNY2VQ4CzwayP-U_td8Ua68""}"
ck5hglwls7o2c0978nm7m58ah,ck5gy4i8gt85k0doq9l6afqmf,https://storage.labelbox.com/cjhh4jecg4hje0702omie6eqq%2Fb3ea947a-cf18-49fc-a7fd-dc0a9c3f479c-2020-01-16T08%3A19%3A19.jpg?Expires=1580497470463&KeyName=labelbox-assets-key-1&Signature=lAJqicGQAv-Jb2yhUTReOehVqHc,"{""Free space"":[{""geometry"":[{""x"":0,""y"":511},{""x"":54,""y"":508},{""x"":55,""y"":516},{""x"":128,""y"":516},{""x"":158,""y"":500},{""x"":183,""y"":505},{""x"":384,""y"":491},{""x"":540,""y"":484},{""x"":541,""y"":468},{""x"":714,""y"":463},{""x"":925,""y"":455},{""x"":967,""y"":451},{""x"":978,""y"":461},{""x"":1049,""y"":459},{""x"":1083,""y"":482},{""x"":1082,""y"":525},{""x"":1132,""y"":553},{""x"":1226,""y"":546},{""x"":1483,""y"":684},{""x"":1725,""y"":827},{""x"":1900,""y"":928},{""x"":1920,""y"":945},{""x"":1920,""y"":1080},{""x"":0,""y"":1080}]}]}",jseng@calpoly.edu,Free space segmentation,1579223014000,1579223014000,59.943,2020-01-16T08:19:19.jpg,,,,,Free space detection,"[{""id"":""ck5hgom1mg4oo0929mn418a39"",""score"":1,""createdAt"":""2020-01-17T01:05:41.000Z"",""createdBy"":""jseng@calpoly.edu""}]",https://image-segmentation-v4.labelbox.com?project=ck5gy7bbahfmg0899r5bnnrl4&label=ck5hglwls7o2c0978nm7m58ah,"{""Free space"":""https://faas-gateway.labelbox.com/function/mask-exporter?jwt=eyJhbGciOiJIUzI1NiIsInR5cCI6IkpXVCJ9.eyJsYWJlbElkIjoiY2s1aGdsd2xzN28yYzA5NzhubTdtNThhaCIsImNsYXNzTmFtZSI6IkZyZWUgc3BhY2UiLCJ1c2VySWQiOiJjamhoZGVkZXY4bWhhMDc1NnA3ZW1qNndmIiwiaWF0IjoxNTc5Mjg3ODcwLCJleHAiOjE3MzY5Njc4NzB9.zyFT7kydWViVmB65SmWGbE6NSpEbxpVj-w069ah_sOY""}"
ck5hgmejsw7uz0835r54ps366,ck5gy4i83t7v80doq91g19a3k,https://storage.labelbox.com/cjhh4jecg4hje0702omie6eqq%2F8a3040c2-b16f-0b97-1a4f-7a759449f3fb-2020-01-16T08%3A17%3A24.jpg?Expires=1580497470463&KeyName=labelbox-assets-key-1&Signature=jGyef-uDAQFsz8dmHOAlY2nV_Gc,"{""Free space"":[{""geometry"":[{""x"":0,""y"":1038},{""x"":325,""y"":994},{""x"":804,""y"":933},{""x"":1056,""y"":874},{""x"":1067,""y"":885},{""x"":1123,""y"":874},{""x"":1392,""y"":1044},{""x"":1491,""y"":1080},{""x"":0,""y"":1080}]}]}",jseng@calpoly.edu,Free space segmentation,1579223038000,1579223038000,22.906,2020-01-16T08:17:24.jpg,,,,,Free space detection,"[{""id"":""ck5hgopyl7kqw08439jn6col4"",""score"":1,""createdAt"":""2020-01-17T01:05:46.000Z"",""createdBy"":""jseng@calpoly.edu""}]",https://image-segmentation-v4.labelbox.com?project=ck5gy7bbahfmg0899r5bnnrl4&label=ck5hgmejsw7uz0835r54ps366,"{""Free space"":""https://faas-gateway.labelbox.com/function/mask-exporter?jwt=eyJhbGciOiJIUzI1NiIsInR5cCI6IkpXVCJ9.eyJsYWJlbElkIjoiY2s1aGdtZWpzdzd1ejA4MzVyNTRwczM2NiIsImNsYXNzTmFtZSI6IkZyZWUgc3BhY2UiLCJ1c2VySWQiOiJjamhoZGVkZXY4bWhhMDc1NnA3ZW1qNndmIiwiaWF0IjoxNTc5Mjg3ODcwLCJleHAiOjE3MzY5Njc4NzB9.9LGuTgkz5AIJ6WN7nklqYsZjSiPv-gG2E2XJ6oPp7WA""}"
ck5hgn0fy7od30978da8azeda,ck5gy4i8at7ys0doqbbr25k75,https://storage.labelbox.com/cjhh4jecg4hje0702omie6eqq%2F55e8b0b8-55b8-3ac5-c2de-0c00e21e788b-2020-01-16T08%3A18%3A04.jpg?Expires=1580497470463&KeyName=labelbox-assets-key-1&Signature=G1sLAgrSHhNUMaE_8GBTPcXAq04,"{""Free space"":[{""geometry"":[{""x"":161,""y"":1080},{""x"":271,""y"":985},{""x"":254,""y"":938},{""x"":197,""y"":664},{""x"":180,""y"":512},{""x"":298,""y"":507},{""x"":830,""y"":497},{""x"":1316,""y"":494},{""x"":1665,""y"":505},{""x"":1746,""y"":504},{""x"":1717,""y"":749},{""x"":1674,""y"":975},{""x"":1655,""y"":1011},{""x"":1700,""y"":1080}]}]}",jseng@calpoly.edu,Free space segmentation,1579223066000,1579223066000,28.035,2020-01-16T08:18:04.jpg,,,,,Free space detection,"[{""id"":""ck5hgowlgru1y0766ktsccb56"",""score"":1,""createdAt"":""2020-01-17T01:05:54.000Z"",""createdBy"":""jseng@calpoly.edu""}]",https://image-segmentation-v4.labelbox.com?project=ck5gy7bbahfmg0899r5bnnrl4&label=ck5hgn0fy7od30978da8azeda,"{""Free space"":""https://faas-gateway.labelbox.com/function/mask-exporter?jwt=eyJhbGciOiJIUzI1NiIsInR5cCI6IkpXVCJ9.eyJsYWJlbElkIjoiY2s1aGduMGZ5N29kMzA5NzhkYThhemVkYSIsImNsYXNzTmFtZSI6IkZyZWUgc3BhY2UiLCJ1c2VySWQiOiJjamhoZGVkZXY4bWhhMDc1NnA3ZW1qNndmIiwiaWF0IjoxNTc5Mjg3ODcwLCJleHAiOjE3MzY5Njc4NzB9.4rkHImaGIIqkvJ4lHEMg91PXbbRJUdzB79KaXNDXuvk""}"
ck5hgnpf9gaya0952jt56tfcm,ck5gy4i8dt82c0doq659nhibj,https://storage.labelbox.com/cjhh4jecg4hje0702omie6eqq%2F5889c7eb-7207-f9c2-be48-295bc5bd4229-2020-01-16T08%3A18%3A44.jpg?Expires=1580497470463&KeyName=labelbox-assets-key-1&Signature=Cxogp9-r2iWpEW6kaAJkfC6GuTQ,"{""Free space"":[{""geometry"":[{""x"":0,""y"":697},{""x"":69,""y"":671},{""x"":243,""y"":820},{""x"":437,""y"":966},{""x"":474,""y"":987},{""x"":710,""y"":877},{""x"":771,""y"":898},{""x"":798,""y"":863},{""x"":795,""y"":832},{""x"":1192,""y"":620},{""x"":1385,""y"":512},{""x"":1444,""y"":481},{""x"":1450,""y"":404},{""x"":1534,""y"":417},{""x"":1556,""y"":405},{""x"":1742,""y"":426},{""x"":1717,""y"":622},{""x"":1693,""y"":729},{""x"":1850,""y"":1080},{""x"":0,""y"":1080}]}]}",jseng@calpoly.edu,Free space segmentation,1579223098000,1579223098000,31.797,2020-01-16T08:18:44.jpg,,,,,Free space detection,"[{""id"":""ck5hgp04m7ovm0978svz6w5bs"",""score"":1,""createdAt"":""2020-01-17T01:05:59.000Z"",""createdBy"":""jseng@calpoly.edu""}]",https://image-segmentation-v4.labelbox.com?project=ck5gy7bbahfmg0899r5bnnrl4&label=ck5hgnpf9gaya0952jt56tfcm,"{""Free space"":""https://faas-gateway.labelbox.com/function/mask-exporter?jwt=eyJhbGciOiJIUzI1NiIsInR5cCI6IkpXVCJ9.eyJsYWJlbElkIjoiY2s1aGducGY5Z2F5YTA5NTJqdDU2dGZjbSIsImNsYXNzTmFtZSI6IkZyZWUgc3BhY2UiLCJ1c2VySWQiOiJjamhoZGVkZXY4bWhhMDc1NnA3ZW1qNndmIiwiaWF0IjoxNTc5Mjg3ODcwLCJleHAiOjE3MzY5Njc4NzB9._j7qdF10xcLkGz5vRmG30tv6S2I1mZHZ54qdoGcyIkY""}"
ck5hnvhgk9lj20843ez2nkutk,ck5gy4i8gt85w0doqcmda249a,https://storage.labelbox.com/cjhh4jecg4hje0702omie6eqq%2F4479a69d-41ee-6518-81b2-95642f15e489-2020-01-16T08%3A19%3A23.jpg?Expires=1580497470463&KeyName=labelbox-assets-key-1&Signature=_KpI6mJT1H9qe4ReJ93AtSMLTWI,"{""Free space"":[{""geometry"":[{""x"":0,""y"":533},{""x"":59,""y"":547},{""x"":165,""y"":558},{""x"":166,""y"":579},{""x"":249,""y"":591},{""x"":311,""y"":569},{""x"":337,""y"":569},{""x"":337,""y"":586},{""x"":558,""y"":609},{""x"":829,""y"":633},{""x"":896,""y"":640},{""x"":917,""y"":614},{""x"":1151,""y"":627},{""x"":1471,""y"":646},{""x"":1695,""y"":650},{""x"":1725,""y"":692},{""x"":1827,""y"":693},{""x"":1920,""y"":797},{""x"":1920,""y"":1080},{""x"":0,""y"":1080}]}]}",jseng@calpoly.edu,Free space segmentation,1579235219000,1579235219000,44.913,2020-01-16T08:19:23.jpg,,,,,Free space detection,"[{""id"":""ck5hnxkb19tcq0978owk7j3n9"",""score"":1,""createdAt"":""2020-01-17T04:28:36.000Z"",""createdBy"":""jseng@calpoly.edu""}]",https://image-segmentation-v4.labelbox.com?project=ck5gy7bbahfmg0899r5bnnrl4&label=ck5hnvhgk9lj20843ez2nkutk,"{""Free space"":""https://faas-gateway.labelbox.com/function/mask-exporter?jwt=eyJhbGciOiJIUzI1NiIsInR5cCI6IkpXVCJ9.eyJsYWJlbElkIjoiY2s1aG52aGdrOWxqMjA4NDNlejJua3V0ayIsImNsYXNzTmFtZSI6IkZyZWUgc3BhY2UiLCJ1c2VySWQiOiJjamhoZGVkZXY4bWhhMDc1NnA3ZW1qNndmIiwiaWF0IjoxNTc5Mjg3ODcwLCJleHAiOjE3MzY5Njc4NzB9.ZC5wynfqNUyIyP8H0-JVkbehEsK272qq0rZzDwu0AIw""}"
ck5hnw0etibz50952dc0lsvyp,ck5gy4i83t7vk0doqa33ma1q1,https://storage.labelbox.com/cjhh4jecg4hje0702omie6eqq%2F3dab1830-b2a8-c31e-3f11-0fe6fb2b2cee-2020-01-16T08%3A17%3A28.jpg?Expires=1580497470463&KeyName=labelbox-assets-key-1&Signature=VJb33pfv7JJR6WxlRyJhxzGf9M4,"{""Free space"":[{""geometry"":[{""x"":928,""y"":1080},{""x"":1007,""y"":1058},{""x"":1264,""y"":878},{""x"":1432,""y"":734},{""x"":1507,""y"":686},{""x"":1555,""y"":643},{""x"":1580,""y"":490},{""x"":1592,""y"":426},{""x"":1671,""y"":440},{""x"":1668,""y"":469},{""x"":1836,""y"":495},{""x"":1920,""y"":515},{""x"":1920,""y"":1080}]}]}",jseng@calpoly.edu,Free space segmentation,1579235243000,1579235243000,24.249,2020-01-16T08:17:28.jpg,,,,,Free space detection,"[{""id"":""ck5hnxm88pvuf0899frw9ngx8"",""score"":1,""createdAt"":""2020-01-17T04:28:38.000Z"",""createdBy"":""jseng@calpoly.edu""}]",https://image-segmentation-v4.labelbox.com?project=ck5gy7bbahfmg0899r5bnnrl4&label=ck5hnw0etibz50952dc0lsvyp,"{""Free space"":""https://faas-gateway.labelbox.com/function/mask-exporter?jwt=eyJhbGciOiJIUzI1NiIsInR5cCI6IkpXVCJ9.eyJsYWJlbElkIjoiY2s1aG53MGV0aWJ6NTA5NTJkYzBsc3Z5cCIsImNsYXNzTmFtZSI6IkZyZWUgc3BhY2UiLCJ1c2VySWQiOiJjamhoZGVkZXY4bWhhMDc1NnA3ZW1qNndmIiwiaWF0IjoxNTc5Mjg3ODcwLCJleHAiOjE3MzY5Njc4NzB9.-FcIxisKgcUdwmlQkFtQC8tGX7rDzqximWT4Y-rqWfY""}"
ck5hnwj5xy9hu0835jrxk4yt7,ck5gy4i8at7z40doq9qqgg0p2,https://storage.labelbox.com/cjhh4jecg4hje0702omie6eqq%2F4fd0065e-0823-7ad1-9a75-329fd00701cf-2020-01-16T08%3A18%3A08.jpg?Expires=1580497470464&KeyName=labelbox-assets-key-1&Signature=4CzoqVk8PM0BelK7IedF0OntVYw,"{""Free space"":[{""geometry"":[{""x"":0,""y"":436},{""x"":65,""y"":417},{""x"":185,""y"":392},{""x"":292,""y"":371},{""x"":292,""y"":408},{""x"":433,""y"":458},{""x"":969,""y"":622},{""x"":1023,""y"":640},{""x"":1757,""y"":838},{""x"":1920,""y"":875},{""x"":1920,""y"":1080},{""x"":0,""y"":1080}]}]}",jseng@calpoly.edu,Free space segmentation,1579235268000,1579235268000,24.044,2020-01-16T08:18:08.jpg,,,,,Free space detection,"[{""id"":""ck5hnxnrspvvo0899c4dqqnlf"",""score"":1,""createdAt"":""2020-01-17T04:28:40.000Z"",""createdBy"":""jseng@calpoly.edu""}]",https://image-segmentation-v4.labelbox.com?project=ck5gy7bbahfmg0899r5bnnrl4&label=ck5hnwj5xy9hu0835jrxk4yt7,"{""Free space"":""https://faas-gateway.labelbox.com/function/mask-exporter?jwt=eyJhbGciOiJIUzI1NiIsInR5cCI6IkpXVCJ9.eyJsYWJlbElkIjoiY2s1aG53ajV4eTlodTA4MzVqcnhrNHl0NyIsImNsYXNzTmFtZSI6IkZyZWUgc3BhY2UiLCJ1c2VySWQiOiJjamhoZGVkZXY4bWhhMDc1NnA3ZW1qNndmIiwiaWF0IjoxNTc5Mjg3ODcwLCJleHAiOjE3MzY5Njc4NzB9.umaMWNCrMOG2HM4NspxijtWg_KD6roy9ZbJCi6EI7tA""}"
ck5hnxas59maa0843abzzktw0,ck5gy4i8dt82o0doq8zdw5uzt,https://storage.labelbox.com/cjhh4jecg4hje0702omie6eqq%2F829931f7-4a47-5f38-fc25-b54c70c8eb54-2020-01-16T08%3A18%3A47.jpg?Expires=1580497470464&KeyName=labelbox-assets-key-1&Signature=G7lY9R6ivhjMCRF8i5hr9NTSgKU,"{""Free space"":[{""geometry"":[{""x"":460,""y"":1080},{""x"":526,""y"":1002},{""x"":630,""y"":847},{""x"":714,""y"":724},{""x"":810,""y"":597},{""x"":820,""y"":596},{""x"":845,""y"":568},{""x"":842,""y"":426},{""x"":911,""y"":427},{""x"":936,""y"":405},{""x"":1299,""y"":406},{""x"":1364,""y"":436},{""x"":1359,""y"":550},{""x"":1357,""y"":569},{""x"":1395,""y"":601},{""x"":1408,""y"":602},{""x"":1593,""y"":765},{""x"":1704,""y"":861},{""x"":1649,""y"":1005},{""x"":1709,""y"":1080}]}]}",jseng@calpoly.edu,Free space segmentation,1579235303000,1579235303000,35.531,2020-01-16T08:18:47.jpg,,,,,Free space detection,"[{""id"":""ck5hnxpy4iclo0952gh49max9"",""score"":1,""createdAt"":""2020-01-17T04:28:43.000Z"",""createdBy"":""jseng@calpoly.edu""}]",https://image-segmentation-v4.labelbox.com?project=ck5gy7bbahfmg0899r5bnnrl4&label=ck5hnxas59maa0843abzzktw0,"{""Free space"":""https://faas-gateway.labelbox.com/function/mask-exporter?jwt=eyJhbGciOiJIUzI1NiIsInR5cCI6IkpXVCJ9.eyJsYWJlbElkIjoiY2s1aG54YXM1OW1hYTA4NDNhYnp6a3R3MCIsImNsYXNzTmFtZSI6IkZyZWUgc3BhY2UiLCJ1c2VySWQiOiJjamhoZGVkZXY4bWhhMDc1NnA3ZW1qNndmIiwiaWF0IjoxNTc5Mjg3ODcwLCJleHAiOjE3MzY5Njc4NzB9.6bH4fHPbMg0lGL_xfwt3BHZxJ1IkCd4Nxa-Mt39h9D4""}"
ck5hqz59rzs8b0835zcknx4t9,ck5gy4i83t7vw0doq8cid6yfz,https://storage.labelbox.com/cjhh4jecg4hje0702omie6eqq%2F1a31e7af-c02f-5ab6-93b6-d6cf3125ad24-2020-01-16T08%3A17%3A32.jpg?Expires=1580497470464&KeyName=labelbox-assets-key-1&Signature=WqAhUARGCSyVkNG_cWTfoNS8kIY,"{""Free space"":[{""geometry"":[{""x"":0,""y"":537},{""x"":128,""y"":528},{""x"":432,""y"":511},{""x"":483,""y"":508},{""x"":483,""y"":576},{""x"":857,""y"":563},{""x"":1339,""y"":545},{""x"":1661,""y"":534},{""x"":1790,""y"":526},{""x"":1795,""y"":421},{""x"":1891,""y"":451},{""x"":1920,""y"":460},{""x"":1920,""y"":1080},{""x"":0,""y"":1080}]}]}",jseng@calpoly.edu,Free space segmentation,1579240428000,1579240428000,24.032,2020-01-16T08:17:32.jpg,,,,,Free space detection,"[{""id"":""ck5hr1obfvueu0770ra6fudmn"",""score"":1,""createdAt"":""2020-01-17T05:55:46.000Z"",""createdBy"":""jseng@calpoly.edu""}]",https://image-segmentation-v4.labelbox.com?project=ck5gy7bbahfmg0899r5bnnrl4&label=ck5hqz59rzs8b0835zcknx4t9,"{""Free space"":""https://faas-gateway.labelbox.com/function/mask-exporter?jwt=eyJhbGciOiJIUzI1NiIsInR5cCI6IkpXVCJ9.eyJsYWJlbElkIjoiY2s1aHF6NTlyenM4YjA4MzV6Y2tueDR0OSIsImNsYXNzTmFtZSI6IkZyZWUgc3BhY2UiLCJ1c2VySWQiOiJjamhoZGVkZXY4bWhhMDc1NnA3ZW1qNndmIiwiaWF0IjoxNTc5Mjg3ODcwLCJleHAiOjE3MzY5Njc4NzB9.SeF8NZgp94FG73WoliuO0FuJtPUtcjkJQ52TiYpEmQA""}"
ck5hqzu67zslo0835bha4847m,ck5gy4i8at7zg0doq09uefnzl,https://storage.labelbox.com/cjhh4jecg4hje0702omie6eqq%2Fd1594549-7b18-7226-e8e2-e051247bbe24-2020-01-16T08%3A18%3A11.jpg?Expires=1580497470464&KeyName=labelbox-assets-key-1&Signature=Vh-6b_ICaHE0hUscJ50I6FLYQgw,"{""Free space"":[{""geometry"":[{""x"":0,""y"":878},{""x"":37,""y"":843},{""x"":30,""y"":767},{""x"":229,""y"":643},{""x"":465,""y"":524},{""x"":650,""y"":433},{""x"":729,""y"":398},{""x"":726,""y"":364},{""x"":950,""y"":352},{""x"":1091,""y"":350},{""x"":1219,""y"":347},{""x"":1284,""y"":347},{""x"":1258,""y"":393},{""x"":1284,""y"":416},{""x"":1623,""y"":624},{""x"":1920,""y"":898},{""x"":1920,""y"":1080},{""x"":0,""y"":1080}]}]}",jseng@calpoly.edu,Free space segmentation,1579240461000,1579240461000,31.913,2020-01-16T08:18:11.jpg,,,,,Free space detection,"[{""id"":""ck5hr1qphvugu0770u9r44wzl"",""score"":1,""createdAt"":""2020-01-17T05:55:49.000Z"",""createdBy"":""jseng@calpoly.edu""}]",https://image-segmentation-v4.labelbox.com?project=ck5gy7bbahfmg0899r5bnnrl4&label=ck5hqzu67zslo0835bha4847m,"{""Free space"":""https://faas-gateway.labelbox.com/function/mask-exporter?jwt=eyJhbGciOiJIUzI1NiIsInR5cCI6IkpXVCJ9.eyJsYWJlbElkIjoiY2s1aHF6dTY3enNsbzA4MzViaGE0ODQ3bSIsImNsYXNzTmFtZSI6IkZyZWUgc3BhY2UiLCJ1c2VySWQiOiJjamhoZGVkZXY4bWhhMDc1NnA3ZW1qNndmIiwiaWF0IjoxNTc5Mjg3ODcwLCJleHAiOjE3MzY5Njc4NzB9.BmpkG9UqRMl431cO-B9zNL5lp84J2U8Mi7wEgWFgALc""}"
ck5hr0ppgjqb30929szwp4fn3,ck5gy4i8et8300doqg4oh5zpc,https://storage.labelbox.com/cjhh4jecg4hje0702omie6eqq%2F12a4636b-eaa9-56a6-c4d4-1cdbe263373a-2020-01-16T08%3A18%3A51.jpg?Expires=1580497470464&KeyName=labelbox-assets-key-1&Signature=V7-yJg2bB4sIBBp5SzXU3IxanLs,"{""Free space"":[{""geometry"":[{""x"":0,""y"":783},{""x"":135,""y"":811},{""x"":411,""y"":845},{""x"":464,""y"":846},{""x"":540,""y"":756},{""x"":590,""y"":757},{""x"":595,""y"":704},{""x"":694,""y"":582},{""x"":801,""y"":468},{""x"":822,""y"":460},{""x"":820,""y"":399},{""x"":847,""y"":401},{""x"":865,""y"":392},{""x"":1017,""y"":387},{""x"":1130,""y"":385},{""x"":1128,""y"":458},{""x"":1141,""y"":468},{""x"":1131,""y"":549},{""x"":1360,""y"":697},{""x"":1417,""y"":742},{""x"":1472,""y"":744},{""x"":1565,""y"":840},{""x"":1810,""y"":801},{""x"":1920,""y"":779},{""x"":1920,""y"":1080},{""x"":0,""y"":1080}]}]}",jseng@calpoly.edu,Free space segmentation,1579240502000,1579240502000,40.394,2020-01-16T08:18:51.jpg,,,,,Free space detection,"[{""id"":""ck5hr1tbqjvi00952z5m90jfu"",""score"":1,""createdAt"":""2020-01-17T05:55:53.000Z"",""createdBy"":""jseng@calpoly.edu""}]",https://image-segmentation-v4.labelbox.com?project=ck5gy7bbahfmg0899r5bnnrl4&label=ck5hr0ppgjqb30929szwp4fn3,"{""Free space"":""https://faas-gateway.labelbox.com/function/mask-exporter?jwt=eyJhbGciOiJIUzI1NiIsInR5cCI6IkpXVCJ9.eyJsYWJlbElkIjoiY2s1aHIwcHBnanFiMzA5MjlzendwNGZuMyIsImNsYXNzTmFtZSI6IkZyZWUgc3BhY2UiLCJ1c2VySWQiOiJjamhoZGVkZXY4bWhhMDc1NnA3ZW1qNndmIiwiaWF0IjoxNTc5Mjg3ODcwLCJleHAiOjE3MzY5Njc4NzB9.G0QPtJzhV54ni-OTur-hT_ArlFVHRKvZabzZ2SJwdNo""}"
ck5hr1a3tztfl0835m9vpinec,ck5gy4i84t7w80doq8xeneyqo,https://storage.labelbox.com/cjhh4jecg4hje0702omie6eqq%2Fd26e2a29-0a5f-4730-769e-e065dd85ebce-2020-01-16T08%3A17%3A36.jpg?Expires=1580497470464&KeyName=labelbox-assets-key-1&Signature=p1CyOxj_xKjFFi7mQ2oyIQ3rGkk,"{""Free space"":[{""geometry"":[{""x"":0,""y"":495},{""x"":135,""y"":468},{""x"":378,""y"":431},{""x"":584,""y"":405},{""x"":603,""y"":410},{""x"":703,""y"":396},{""x"":815,""y"":399},{""x"":856,""y"":389},{""x"":893,""y"":383},{""x"":895,""y"":464},{""x"":1123,""y"":518},{""x"":1410,""y"":593},{""x"":1720,""y"":677},{""x"":1920,""y"":744},{""x"":1920,""y"":1080},{""x"":0,""y"":1080}]}]}",jseng@calpoly.edu,Free space segmentation,1579240528000,1579240528000,25.754,2020-01-16T08:17:36.jpg,,,,,Free space detection,"[{""id"":""ck5hr1vlojr050929wdwf95mc"",""score"":1,""createdAt"":""2020-01-17T05:55:56.000Z"",""createdBy"":""jseng@calpoly.edu""}]",https://image-segmentation-v4.labelbox.com?project=ck5gy7bbahfmg0899r5bnnrl4&label=ck5hr1a3tztfl0835m9vpinec,"{""Free space"":""https://faas-gateway.labelbox.com/function/mask-exporter?jwt=eyJhbGciOiJIUzI1NiIsInR5cCI6IkpXVCJ9.eyJsYWJlbElkIjoiY2s1aHIxYTN0enRmbDA4MzVtOXZwaW5lYyIsImNsYXNzTmFtZSI6IkZyZWUgc3BhY2UiLCJ1c2VySWQiOiJjamhoZGVkZXY4bWhhMDc1NnA3ZW1qNndmIiwiaWF0IjoxNTc5Mjg3ODcwLCJleHAiOjE3MzY5Njc4NzB9.0DiryVbvA32V9txfa4VqaRO_SoJcYozTD2EML7XIvvA""}"
ck5hr3p5njwk309521liibmzw,ck5gy4i8at7zs0doq9e4udcsl,https://storage.labelbox.com/cjhh4jecg4hje0702omie6eqq%2F85ca3f54-432e-8f62-0c47-bf7af826d6f4-2020-01-16T08%3A18%3A15.jpg?Expires=1580497470464&KeyName=labelbox-assets-key-1&Signature=lKl15pK47bsDjGlsg7EA5Vsbjjw,"{""Free space"":[{""geometry"":[{""x"":0,""y"":767},{""x"":111,""y"":682},{""x"":302,""y"":563},{""x"":414,""y"":491},{""x"":408,""y"":405},{""x"":779,""y"":380},{""x"":1033,""y"":368},{""x"":1039,""y"":358},{""x"":1395,""y"":352},{""x"":1404,""y"":358},{""x"":1539,""y"":361},{""x"":1534,""y"":428},{""x"":1385,""y"":458},{""x"":1527,""y"":577},{""x"":1815,""y"":795},{""x"":1920,""y"":884},{""x"":1920,""y"":1080},{""x"":0,""y"":1080}]}]}",jseng@calpoly.edu,Free space segmentation,1579240641000,1579240641000,28.684,2020-01-16T08:18:15.jpg,,,,,Free space detection,"[{""id"":""ck5hr59f6b7g80843xk375g05"",""score"":1,""createdAt"":""2020-01-17T05:58:34.000Z"",""createdBy"":""jseng@calpoly.edu""}]",https://image-segmentation-v4.labelbox.com?project=ck5gy7bbahfmg0899r5bnnrl4&label=ck5hr3p5njwk309521liibmzw,"{""Free space"":""https://faas-gateway.labelbox.com/function/mask-exporter?jwt=eyJhbGciOiJIUzI1NiIsInR5cCI6IkpXVCJ9.eyJsYWJlbElkIjoiY2s1aHIzcDVuandrMzA5NTIxbGlpYm16dyIsImNsYXNzTmFtZSI6IkZyZWUgc3BhY2UiLCJ1c2VySWQiOiJjamhoZGVkZXY4bWhhMDc1NnA3ZW1qNndmIiwiaWF0IjoxNTc5Mjg3ODcwLCJleHAiOjE3MzY5Njc4NzB9.VYvBxwxGYYLp2didXWZEmEhHo2_3A58jGBJsCl4bjkg""}"
ck5hr499abe9b097821clce86,ck5gy4i8et83c0doq1ewtab43,https://storage.labelbox.com/cjhh4jecg4hje0702omie6eqq%2F9b5e197b-c9df-957a-6bd1-00074d33df83-2020-01-16T08%3A18%3A55.jpg?Expires=1580497470464&KeyName=labelbox-assets-key-1&Signature=cg1DqpwXXANs0bJVVys8kW6pOzk,"{""Free space"":[{""geometry"":[{""x"":275,""y"":1080},{""x"":359,""y"":979},{""x"":550,""y"":747},{""x"":633,""y"":638},{""x"":646,""y"":639},{""x"":685,""y"":591},{""x"":675,""y"":406},{""x"":801,""y"":406},{""x"":831,""y"":380},{""x"":1193,""y"":373},{""x"":1229,""y"":373},{""x"":1325,""y"":417},{""x"":1317,""y"":586},{""x"":1364,""y"":634},{""x"":1381,""y"":634},{""x"":1576,""y"":809},{""x"":1775,""y"":1012},{""x"":1858,""y"":1080}]}]}",jseng@calpoly.edu,Free space segmentation,1579240667000,1579240667000,25.773,2020-01-16T08:18:55.jpg,,,,,Free space detection,"[{""id"":""ck5hr5bhmjxgo0952b3a8q7z5"",""score"":1,""createdAt"":""2020-01-17T05:58:36.000Z"",""createdBy"":""jseng@calpoly.edu""}]",https://image-segmentation-v4.labelbox.com?project=ck5gy7bbahfmg0899r5bnnrl4&label=ck5hr499abe9b097821clce86,"{""Free space"":""https://faas-gateway.labelbox.com/function/mask-exporter?jwt=eyJhbGciOiJIUzI1NiIsInR5cCI6IkpXVCJ9.eyJsYWJlbElkIjoiY2s1aHI0OTlhYmU5YjA5NzgyMWNsY2U4NiIsImNsYXNzTmFtZSI6IkZyZWUgc3BhY2UiLCJ1c2VySWQiOiJjamhoZGVkZXY4bWhhMDc1NnA3ZW1qNndmIiwiaWF0IjoxNTc5Mjg3ODcwLCJleHAiOjE3MzY5Njc4NzB9.G8sV1PjxRlL20mESNxvmRppMMNyfJ0kNahjF3WDQkQM""}"
ck5hr50xrjsm30929n8gnuw2m,ck5gy4i8ft84c0doq66c29yrr,https://storage.labelbox.com/cjhh4jecg4hje0702omie6eqq%2Fba63f070-7cb3-f55a-de3b-f259356df77b-2020-01-16T08%3A19%3A06.jpg?Expires=1580497470464&KeyName=labelbox-assets-key-1&Signature=cIGxq9vzlJQhiuaWvSdEpYmiGAE,"{""Free space"":[{""geometry"":[{""x"":70,""y"":1080},{""x"":236,""y"":909},{""x"":283,""y"":862},{""x"":430,""y"":877},{""x"":516,""y"":760},{""x"":508,""y"":699},{""x"":644,""y"":561},{""x"":677,""y"":531},{""x"":667,""y"":491},{""x"":709,""y"":453},{""x"":768,""y"":452},{""x"":785,""y"":441},{""x"":1070,""y"":435},{""x"":1077,""y"":444},{""x"":1171,""y"":444},{""x"":1176,""y"":430},{""x"":1557,""y"":438},{""x"":1759,""y"":446},{""x"":1783,""y"":454},{""x"":1818,""y"":452},{""x"":1811,""y"":547},{""x"":1804,""y"":595},{""x"":1920,""y"":657},{""x"":1920,""y"":1080}]}]}",jseng@calpoly.edu,Free space segmentation,1579240703000,1579240703000,35.362,2020-01-16T08:19:06.jpg,,,,,Free space detection,"[{""id"":""ck5hr5evxb7jp08433wiexa66"",""score"":1,""createdAt"":""2020-01-17T05:58:41.000Z"",""createdBy"":""jseng@calpoly.edu""}]",https://image-segmentation-v4.labelbox.com?project=ck5gy7bbahfmg0899r5bnnrl4&label=ck5hr50xrjsm30929n8gnuw2m,"{""Free space"":""https://faas-gateway.labelbox.com/function/mask-exporter?jwt=eyJhbGciOiJIUzI1NiIsInR5cCI6IkpXVCJ9.eyJsYWJlbElkIjoiY2s1aHI1MHhyanNtMzA5MjluOGdudXcybSIsImNsYXNzTmFtZSI6IkZyZWUgc3BhY2UiLCJ1c2VySWQiOiJjamhoZGVkZXY4bWhhMDc1NnA3ZW1qNndmIiwiaWF0IjoxNTc5Mjg3ODcwLCJleHAiOjE3MzY5Njc4NzB9.P2r4zBFrtRgpBQGkaasfVYsuL_NzMCpc7maCR4em7Hg""}"
ck5ib5qwd48iq08990ydcvebj,ck5gy4i84t7wk0doqe5ejhk27,https://storage.labelbox.com/cjhh4jecg4hje0702omie6eqq%2Ff4dacc3f-0990-223d-7fbe-bccc0fea8fbf-2020-01-16T08%3A17%3A39.jpg?Expires=1580497470464&KeyName=labelbox-assets-key-1&Signature=2cTs-3JAtSdGfObOMkJ_aAqXYo0,"{""Free space"":[{""geometry"":[{""x"":0,""y"":636},{""x"":58,""y"":589},{""x"":70,""y"":589},{""x"":104,""y"":570},{""x"":443,""y"":550},{""x"":908,""y"":532},{""x"":1207,""y"":520},{""x"":1234,""y"":534},{""x"":1356,""y"":530},{""x"":1421,""y"":536},{""x"":1524,""y"":567},{""x"":1648,""y"":549},{""x"":1680,""y"":534},{""x"":1746,""y"":528},{""x"":1748,""y"":504},{""x"":1900,""y"":492},{""x"":1920,""y"":504},{""x"":1920,""y"":1080},{""x"":0,""y"":1080}]}]}",jseng@calpoly.edu,Free space segmentation,1579274329000,1579274329000,29.564,2020-01-16T08:17:39.jpg,,,,,Free space detection,"[{""id"":""ck5iba4jcwtaz0952q4diam91"",""score"":1,""createdAt"":""2020-01-17T15:22:13.000Z"",""createdBy"":""jseng@calpoly.edu""}]",https://image-segmentation-v4.labelbox.com?project=ck5gy7bbahfmg0899r5bnnrl4&label=ck5ib5qwd48iq08990ydcvebj,"{""Free space"":""https://faas-gateway.labelbox.com/function/mask-exporter?jwt=eyJhbGciOiJIUzI1NiIsInR5cCI6IkpXVCJ9.eyJsYWJlbElkIjoiY2s1aWI1cXdkNDhpcTA4OTkweWRjdmViaiIsImNsYXNzTmFtZSI6IkZyZWUgc3BhY2UiLCJ1c2VySWQiOiJjamhoZGVkZXY4bWhhMDc1NnA3ZW1qNndmIiwiaWF0IjoxNTc5Mjg3ODcwLCJleHAiOjE3MzY5Njc4NzB9.wg-pMsAGPpAY0Yjnj588TqAt4vdtApN4RMCyPolxiW8""}"
ck5ib6kxfo9800978tj5vz4n5,ck5gy4i8bt8040doq643leunt,https://storage.labelbox.com/cjhh4jecg4hje0702omie6eqq%2Fe441c5d3-b41a-29c6-a6f2-2a9f9968f15b-2020-01-16T08%3A18%3A19.jpg?Expires=1580497470464&KeyName=labelbox-assets-key-1&Signature=TTACDHYirTfi2G9VaLH_imdI1dU,"{""Free space"":[{""geometry"":[{""x"":0,""y"":526},{""x"":78,""y"":520},{""x"":542,""y"":497},{""x"":1089,""y"":479},{""x"":1217,""y"":474},{""x"":1230,""y"":464},{""x"":1573,""y"":459},{""x"":1788,""y"":459},{""x"":1801,""y"":466},{""x"":1920,""y"":470},{""x"":1920,""y"":1080},{""x"":0,""y"":1080}]}]}",jseng@calpoly.edu,Free space segmentation,1579274368000,1579274368000,38.69,2020-01-16T08:18:19.jpg,,,,,Free space detection,"[{""id"":""ck5iba6074bxp08991u8lfayr"",""score"":1,""createdAt"":""2020-01-17T15:22:15.000Z"",""createdBy"":""jseng@calpoly.edu""}]",https://image-segmentation-v4.labelbox.com?project=ck5gy7bbahfmg0899r5bnnrl4&label=ck5ib6kxfo9800978tj5vz4n5,"{""Free space"":""https://faas-gateway.labelbox.com/function/mask-exporter?jwt=eyJhbGciOiJIUzI1NiIsInR5cCI6IkpXVCJ9.eyJsYWJlbElkIjoiY2s1aWI2a3hmbzk4MDA5Nzh0ajV2ejRuNSIsImNsYXNzTmFtZSI6IkZyZWUgc3BhY2UiLCJ1c2VySWQiOiJjamhoZGVkZXY4bWhhMDc1NnA3ZW1qNndmIiwiaWF0IjoxNTc5Mjg3ODcwLCJleHAiOjE3MzY5Njc4NzB9.imWSJD2z7kbK1_4zUIyQUKjm7RG2iZ-S0YQNierQbKA""}"
ck5ib71zzwovg0929jumfx92e,ck5gy4i8et83o0doq17g4cf58,https://storage.labelbox.com/cjhh4jecg4hje0702omie6eqq%2F398ec1c2-dd53-4347-adca-4e3eaa525d45-2020-01-16T08%3A18%3A58.jpg?Expires=1580497470464&KeyName=labelbox-assets-key-1&Signature=oK09NwEdYuptxQB2vSCSdJhPu2Q,"{""Free space"":[{""geometry"":[{""x"":0,""y"":515},{""x"":70,""y"":486},{""x"":90,""y"":492},{""x"":156,""y"":475},{""x"":157,""y"":463},{""x"":443,""y"":402},{""x"":451,""y"":487},{""x"":731,""y"":509},{""x"":1157,""y"":548},{""x"":1351,""y"":569},{""x"":1426,""y"":470},{""x"":1920,""y"":521},{""x"":1920,""y"":1080},{""x"":0,""y"":1080}]}]}",jseng@calpoly.edu,Free space segmentation,1579274390000,1579274390000,21.844,2020-01-16T08:18:58.jpg,,,,,Free space detection,"[{""id"":""ck5iba7lhcpvk08354we2uc9i"",""score"":1,""createdAt"":""2020-01-17T15:22:17.000Z"",""createdBy"":""jseng@calpoly.edu""}]",https://image-segmentation-v4.labelbox.com?project=ck5gy7bbahfmg0899r5bnnrl4&label=ck5ib71zzwovg0929jumfx92e,"{""Free space"":""https://faas-gateway.labelbox.com/function/mask-exporter?jwt=eyJhbGciOiJIUzI1NiIsInR5cCI6IkpXVCJ9.eyJsYWJlbElkIjoiY2s1aWI3MXp6d292ZzA5MjlqdW1meDkyZSIsImNsYXNzTmFtZSI6IkZyZWUgc3BhY2UiLCJ1c2VySWQiOiJjamhoZGVkZXY4bWhhMDc1NnA3ZW1qNndmIiwiaWF0IjoxNTc5Mjg3ODcwLCJleHAiOjE3MzY5Njc4NzB9.w34_kKOEf5EjaHPIxDDs9CNrOT0AL8pfNa5Hl2KONSo""}"
ck5ib8bnwo46q0843tm2pkfa4,ck5gy4i81t7tc0doqdf5sgr2m,https://storage.labelbox.com/cjhh4jecg4hje0702omie6eqq%2F6cbaebba-c01b-b3f7-07e9-a120b7649409-2020-01-16T08%3A17%3A03.jpg?Expires=1580497470464&KeyName=labelbox-assets-key-1&Signature=HhypmIVHv_F-Uk34Y_r3QLmKaeE,"{""Free space"":[{""geometry"":[{""x"":0,""y"":1013},{""x"":93,""y"":922},{""x"":122,""y"":936},{""x"":143,""y"":905},{""x"":279,""y"":936},{""x"":349,""y"":859},{""x"":417,""y"":793},{""x"":398,""y"":678},{""x"":574,""y"":534},{""x"":700,""y"":447},{""x"":768,""y"":399},{""x"":828,""y"":402},{""x"":845,""y"":382},{""x"":844,""y"":347},{""x"":887,""y"":345},{""x"":902,""y"":329},{""x"":896,""y"":306},{""x"":913,""y"":295},{""x"":946,""y"":300},{""x"":968,""y"":279},{""x"":1136,""y"":275},{""x"":1259,""y"":287},{""x"":1309,""y"":287},{""x"":1354,""y"":292},{""x"":1367,""y"":295},{""x"":1365,""y"":307},{""x"":1375,""y"":314},{""x"":1370,""y"":354},{""x"":1503,""y"":416},{""x"":1674,""y"":510},{""x"":1751,""y"":562},{""x"":1920,""y"":548},{""x"":1920,""y"":1080},{""x"":0,""y"":1080}]}]}",jseng@calpoly.edu,Free space segmentation,1579274449000,1579274449000,58.958,2020-01-16T08:17:03.jpg,,,,,Free space detection,"[{""id"":""ck5iba9sl8dkk0766o05qj41p"",""score"":1,""createdAt"":""2020-01-17T15:22:20.000Z"",""createdBy"":""jseng@calpoly.edu""}]",https://image-segmentation-v4.labelbox.com?project=ck5gy7bbahfmg0899r5bnnrl4&label=ck5ib8bnwo46q0843tm2pkfa4,"{""Free space"":""https://faas-gateway.labelbox.com/function/mask-exporter?jwt=eyJhbGciOiJIUzI1NiIsInR5cCI6IkpXVCJ9.eyJsYWJlbElkIjoiY2s1aWI4Ym53bzQ2cTA4NDN0bTJwa2ZhNCIsImNsYXNzTmFtZSI6IkZyZWUgc3BhY2UiLCJ1c2VySWQiOiJjamhoZGVkZXY4bWhhMDc1NnA3ZW1qNndmIiwiaWF0IjoxNTc5Mjg3ODcwLCJleHAiOjE3MzY5Njc4NzB9.ZRq5HGW4c7Ebsdkl79p9BFLlNhsVjtCLbgD9B6Y8TJg""}"
ck5ib8zqj8c9m0766sskxipyj,ck5gy4i84t7ww0doqfc0chs5m,https://storage.labelbox.com/cjhh4jecg4hje0702omie6eqq%2Ff40bf286-4936-134c-0ae0-220054bcaca3-2020-01-16T08%3A17%3A43.jpg?Expires=1580497470464&KeyName=labelbox-assets-key-1&Signature=I1DoVLXxQ8g9-xBRPUk6hHK9ZDA,"{""Free space"":[{""geometry"":[{""x"":472,""y"":1080},{""x"":569,""y"":1031},{""x"":603,""y"":991},{""x"":594,""y"":805},{""x"":742,""y"":706},{""x"":742,""y"":562},{""x"":891,""y"":492},{""x"":962,""y"":499},{""x"":1000,""y"":475},{""x"":999,""y"":435},{""x"":1112,""y"":385},{""x"":1256,""y"":392},{""x"":1503,""y"":409},{""x"":1649,""y"":424},{""x"":1669,""y"":425},{""x"":1664,""y"":462},{""x"":1659,""y"":491},{""x"":1777,""y"":578},{""x"":1890,""y"":674},{""x"":1920,""y"":705},{""x"":1920,""y"":1080}]}]}",jseng@calpoly.edu,Free space segmentation,1579274480000,1579274480000,30.981,2020-01-16T08:17:43.jpg,,,,,Free space detection,"[{""id"":""ck5ibabi7o65l0843h83bx03o"",""score"":1,""createdAt"":""2020-01-17T15:22:22.000Z"",""createdBy"":""jseng@calpoly.edu""}]",https://image-segmentation-v4.labelbox.com?project=ck5gy7bbahfmg0899r5bnnrl4&label=ck5ib8zqj8c9m0766sskxipyj,"{""Free space"":""https://faas-gateway.labelbox.com/function/mask-exporter?jwt=eyJhbGciOiJIUzI1NiIsInR5cCI6IkpXVCJ9.eyJsYWJlbElkIjoiY2s1aWI4enFqOGM5bTA3NjZzc2t4aXB5aiIsImNsYXNzTmFtZSI6IkZyZWUgc3BhY2UiLCJ1c2VySWQiOiJjamhoZGVkZXY4bWhhMDc1NnA3ZW1qNndmIiwiaWF0IjoxNTc5Mjg3ODcwLCJleHAiOjE3MzY5Njc4NzB9.ME3vUEbhh8VZQNc4RrxwiuwKCzpzhBhddfp0ys1T7nQ""}"
ck5ib9xbqobp00978q5zng9g7,ck5gy4i8bt80g0doqdvkydnok,https://storage.labelbox.com/cjhh4jecg4hje0702omie6eqq%2F8003bef7-f9f1-b5ff-6613-6604662b13c3-2020-01-16T08%3A18%3A22.jpg?Expires=1580497470464&KeyName=labelbox-assets-key-1&Signature=fShGcCy8MnfE1fpB1hhOMGihGrE,"{""Free space"":[{""geometry"":[{""x"":0,""y"":897},{""x"":62,""y"":809},{""x"":156,""y"":719},{""x"":193,""y"":670},{""x"":193,""y"":631},{""x"":293,""y"":552},{""x"":323,""y"":549},{""x"":340,""y"":537},{""x"":354,""y"":526},{""x"":582,""y"":350},{""x"":639,""y"":307},{""x"":636,""y"":282},{""x"":789,""y"":278},{""x"":843,""y"":286},{""x"":860,""y"":296},{""x"":877,""y"":297},{""x"":885,""y"":310},{""x"":1081,""y"":354},{""x"":1166,""y"":383},{""x"":1399,""y"":380},{""x"":1393,""y"":458},{""x"":1606,""y"":537},{""x"":1805,""y"":621},{""x"":1920,""y"":674},{""x"":1920,""y"":1080},{""x"":0,""y"":1080}]}]}",jseng@calpoly.edu,Free space segmentation,1579274524000,1579274524000,43.293,2020-01-16T08:18:22.jpg,,,,,Free space detection,"[{""id"":""ck5ibadleoc3n0978cj1kcfd7"",""score"":1,""createdAt"":""2020-01-17T15:22:25.000Z"",""createdBy"":""jseng@calpoly.edu""}]",https://image-segmentation-v4.labelbox.com?project=ck5gy7bbahfmg0899r5bnnrl4&label=ck5ib9xbqobp00978q5zng9g7,"{""Free space"":""https://faas-gateway.labelbox.com/function/mask-exporter?jwt=eyJhbGciOiJIUzI1NiIsInR5cCI6IkpXVCJ9.eyJsYWJlbElkIjoiY2s1aWI5eGJxb2JwMDA5NzhxNXpuZzlnNyIsImNsYXNzTmFtZSI6IkZyZWUgc3BhY2UiLCJ1c2VySWQiOiJjamhoZGVkZXY4bWhhMDc1NnA3ZW1qNndmIiwiaWF0IjoxNTc5Mjg3ODcwLCJleHAiOjE3MzY5Njc4NzB9.5ICR0UWSbRKvLrje_mSmQmnbCvvaTO5et2ds269UtYI""}"
ck5ibdgw34f1k0899574iocll,ck5gy4i8ft8400doq6pt90snd,https://storage.labelbox.com/cjhh4jecg4hje0702omie6eqq%2Ff8330d03-11d2-9dce-beab-f77662710557-2020-01-16T08%3A19%3A02.jpg?Expires=1580497470464&KeyName=labelbox-assets-key-1&Signature=gaTWrO5J_0PTye3nBmjEXDFmM_g,"{""Free space"":[{""geometry"":[{""x"":0,""y"":657},{""x"":210,""y"":645},{""x"":567,""y"":618},{""x"":714,""y"":603},{""x"":739,""y"":635},{""x"":926,""y"":623},{""x"":924,""y"":589},{""x"":1314,""y"":549},{""x"":1599,""y"":525},{""x"":1760,""y"":508},{""x"":1800,""y"":523},{""x"":1845,""y"":513},{""x"":1847,""y"":501},{""x"":1920,""y"":493},{""x"":1920,""y"":1080},{""x"":0,""y"":1080}]}]}",jseng@calpoly.edu,Free space segmentation,1579274689000,1579274689000,25.034,2020-01-16T08:19:02.jpg,,,,,Free space detection,"[{""id"":""ck5iiiau7dnwb0766itff6r5z"",""score"":1,""createdAt"":""2020-01-17T18:44:32.000Z"",""createdBy"":""jseng@calpoly.edu""}]",https://image-segmentation-v4.labelbox.com?project=ck5gy7bbahfmg0899r5bnnrl4&label=ck5ibdgw34f1k0899574iocll,"{""Free space"":""https://faas-gateway.labelbox.com/function/mask-exporter?jwt=eyJhbGciOiJIUzI1NiIsInR5cCI6IkpXVCJ9.eyJsYWJlbElkIjoiY2s1aWJkZ3czNGYxazA4OTk1NzRpb2NsbCIsImNsYXNzTmFtZSI6IkZyZWUgc3BhY2UiLCJ1c2VySWQiOiJjamhoZGVkZXY4bWhhMDc1NnA3ZW1qNndmIiwiaWF0IjoxNTc5Mjg3ODcwLCJleHAiOjE3MzY5Njc4NzB9.41IXZrV0mNfH1mg35kd_Upy7QbE-xHeZxmNGoNbKgeo""}"
ck5ibeg9kog5k0978326u2c37,ck5gy4i82t7to0doqf52519wg,https://storage.labelbox.com/cjhh4jecg4hje0702omie6eqq%2F17138939-caf1-64de-8cfc-01dc0b0c3376-2020-01-16T08%3A17%3A07.jpg?Expires=1580497470465&KeyName=labelbox-assets-key-1&Signature=N_mVL9PU_g0YminNtXh5--cjA1k,"{""Free space"":[{""geometry"":[{""x"":0,""y"":887},{""x"":110,""y"":780},{""x"":232,""y"":677},{""x"":256,""y"":656},{""x"":352,""y"":652},{""x"":402,""y"":599},{""x"":392,""y"":492},{""x"":500,""y"":495},{""x"":525,""y"":491},{""x"":545,""y"":472},{""x"":542,""y"":431},{""x"":603,""y"":387},{""x"":644,""y"":391},{""x"":682,""y"":355},{""x"":958,""y"":343},{""x"":1108,""y"":339},{""x"":1144,""y"":338},{""x"":1181,""y"":344},{""x"":1190,""y"":342},{""x"":1189,""y"":364},{""x"":1261,""y"":387},{""x"":1259,""y"":430},{""x"":1257,""y"":457},{""x"":1442,""y"":536},{""x"":1673,""y"":647},{""x"":1859,""y"":747},{""x"":1920,""y"":784},{""x"":1920,""y"":1080},{""x"":0,""y"":1080}]}]}",jseng@calpoly.edu,Free space segmentation,1579274735000,1579274735000,45.609,2020-01-16T08:17:07.jpg,,,,,Free space detection,"[{""id"":""ck5iiie0x9lti0899v8bowzkl"",""score"":1,""createdAt"":""2020-01-17T18:44:36.000Z"",""createdBy"":""jseng@calpoly.edu""}]",https://image-segmentation-v4.labelbox.com?project=ck5gy7bbahfmg0899r5bnnrl4&label=ck5ibeg9kog5k0978326u2c37,"{""Free space"":""https://faas-gateway.labelbox.com/function/mask-exporter?jwt=eyJhbGciOiJIUzI1NiIsInR5cCI6IkpXVCJ9.eyJsYWJlbElkIjoiY2s1aWJlZzlrb2c1azA5NzgzMjZ1MmMzNyIsImNsYXNzTmFtZSI6IkZyZWUgc3BhY2UiLCJ1c2VySWQiOiJjamhoZGVkZXY4bWhhMDc1NnA3ZW1qNndmIiwiaWF0IjoxNTc5Mjg3ODcwLCJleHAiOjE3MzY5Njc4NzB9.jCJMwpOtMpCK779pGfxBTfqMSzzfGvulobPBoGzKiLk""}"
ck5iieq5htkr40978zl2f1jhx,ck5gy4i82t7uo0doqc8gpacsq,https://storage.labelbox.com/cjhh4jecg4hje0702omie6eqq%2F3a93f8fa-b476-9adf-3755-5afe862d61a8-2020-01-16T08%3A17%3A18.jpg?Expires=1580497470465&KeyName=labelbox-assets-key-1&Signature=8AmMitpBYzRO_eB7ovSj_QrIukE,"{""Free space"":[{""geometry"":[{""x"":355,""y"":1080},{""x"":420,""y"":1007},{""x"":550,""y"":852},{""x"":648,""y"":738},{""x"":673,""y"":707},{""x"":709,""y"":714},{""x"":723,""y"":703},{""x"":1133,""y"":694},{""x"":1484,""y"":695},{""x"":1503,""y"":713},{""x"":1536,""y"":713},{""x"":1707,""y"":884},{""x"":1866,""y"":1061},{""x"":1888,""y"":1080}]}]}",jseng@calpoly.edu,Free space segmentation,1579286505000,1579286505000,20.914,2020-01-16T08:17:18.jpg,,,,,Free space detection,"[{""id"":""ck5iiifzbdnzh0766g89l1r9s"",""score"":1,""createdAt"":""2020-01-17T18:44:38.000Z"",""createdBy"":""jseng@calpoly.edu""}]",https://image-segmentation-v4.labelbox.com?project=ck5gy7bbahfmg0899r5bnnrl4&label=ck5iieq5htkr40978zl2f1jhx,"{""Free space"":""https://faas-gateway.labelbox.com/function/mask-exporter?jwt=eyJhbGciOiJIUzI1NiIsInR5cCI6IkpXVCJ9.eyJsYWJlbElkIjoiY2s1aWllcTVodGtyNDA5Nzh6bDJmMWpoeCIsImNsYXNzTmFtZSI6IkZyZWUgc3BhY2UiLCJ1c2VySWQiOiJjamhoZGVkZXY4bWhhMDc1NnA3ZW1qNndmIiwiaWF0IjoxNTc5Mjg3ODcwLCJleHAiOjE3MzY5Njc4NzB9.qqWdCJ1hLiMCT7o1cwgkAc8CMs_bfvx41Qe-nezbXS4""}"
ck5iiflck9k2q08990w52pm8v,ck5gy4i89t7y80doq8hr3gyiu,https://storage.labelbox.com/cjhh4jecg4hje0702omie6eqq%2Fda51f0cd-f991-5eb1-07e2-09f07ad1c0c3-2020-01-16T08%3A17%3A58.jpg?Expires=1580497470465&KeyName=labelbox-assets-key-1&Signature=b2OCYLXNmsk6C4BbokW9qK1dk5c,"{""Free space"":[{""geometry"":[{""x"":0,""y"":492},{""x"":137,""y"":450},{""x"":153,""y"":447},{""x"":157,""y"":504},{""x"":174,""y"":509},{""x"":183,""y"":505},{""x"":331,""y"":603},{""x"":492,""y"":710},{""x"":567,""y"":753},{""x"":570,""y"":765},{""x"":722,""y"":860},{""x"":947,""y"":773},{""x"":946,""y"":699},{""x"":1132,""y"":629},{""x"":1308,""y"":557},{""x"":1339,""y"":544},{""x"":1616,""y"":596},{""x"":1730,""y"":611},{""x"":1795,""y"":563},{""x"":1821,""y"":496},{""x"":1839,""y"":441},{""x"":1920,""y"":459},{""x"":1920,""y"":1080},{""x"":0,""y"":1080}]}]}",jseng@calpoly.edu,Free space segmentation,1579286545000,1579286545000,40.142,2020-01-16T08:17:58.jpg,,,,,Free space detection,"[{""id"":""ck5iiihyp9lxh0899fn7b5pup"",""score"":1,""createdAt"":""2020-01-17T18:44:41.000Z"",""createdBy"":""jseng@calpoly.edu""}]",https://image-segmentation-v4.labelbox.com?project=ck5gy7bbahfmg0899r5bnnrl4&label=ck5iiflck9k2q08990w52pm8v,"{""Free space"":""https://faas-gateway.labelbox.com/function/mask-exporter?jwt=eyJhbGciOiJIUzI1NiIsInR5cCI6IkpXVCJ9.eyJsYWJlbElkIjoiY2s1aWlmbGNrOWsycTA4OTkwdzUycG04diIsImNsYXNzTmFtZSI6IkZyZWUgc3BhY2UiLCJ1c2VySWQiOiJjamhoZGVkZXY4bWhhMDc1NnA3ZW1qNndmIiwiaWF0IjoxNTc5Mjg3ODcwLCJleHAiOjE3MzY5Njc4NzB9.NY1EP6XyqNgjUICQC7r3WPZawgv0JviqU_tfXgoO4Fk""}"
ck5iigdlgtlu509787j130126,ck5gy4i8ct81s0doq3ytreok3,https://storage.labelbox.com/cjhh4jecg4hje0702omie6eqq%2F3aa3f3bb-0a0d-1273-7c8c-9ef0cef3b8ed-2020-01-16T08%3A18%3A37.jpg?Expires=1580497470465&KeyName=labelbox-assets-key-1&Signature=CZn9LKu56IHWQ9KhMWMkDzlUgWM,"{""Free space"":[{""geometry"":[{""x"":0,""y"":823},{""x"":466,""y"":544},{""x"":732,""y"":405},{""x"":823,""y"":360},{""x"":830,""y"":344},{""x"":891,""y"":339},{""x"":925,""y"":327},{""x"":937,""y"":310},{""x"":1044,""y"":309},{""x"":1042,""y"":344},{""x"":1083,""y"":381},{""x"":1239,""y"":385},{""x"":1290,""y"":411},{""x"":1363,""y"":413},{""x"":1362,""y"":451},{""x"":1453,""y"":497},{""x"":1446,""y"":546},{""x"":1608,""y"":666},{""x"":1805,""y"":815},{""x"":1920,""y"":911},{""x"":1920,""y"":1080},{""x"":0,""y"":1080}]}]}",jseng@calpoly.edu,Free space segmentation,1579286582000,1579286582000,36.353,2020-01-16T08:18:37.jpg,,,,,Free space detection,"[{""id"":""ck5iiik83do320766z7n3dqvi"",""score"":1,""createdAt"":""2020-01-17T18:44:44.000Z"",""createdBy"":""jseng@calpoly.edu""}]",https://image-segmentation-v4.labelbox.com?project=ck5gy7bbahfmg0899r5bnnrl4&label=ck5iigdlgtlu509787j130126,"{""Free space"":""https://faas-gateway.labelbox.com/function/mask-exporter?jwt=eyJhbGciOiJIUzI1NiIsInR5cCI6IkpXVCJ9.eyJsYWJlbElkIjoiY2s1aWlnZGxndGx1NTA5Nzg3ajEzMDEyNiIsImNsYXNzTmFtZSI6IkZyZWUgc3BhY2UiLCJ1c2VySWQiOiJjamhoZGVkZXY4bWhhMDc1NnA3ZW1qNndmIiwiaWF0IjoxNTc5Mjg3ODcwLCJleHAiOjE3MzY5Njc4NzB9.Hl-pYZINt5mvX8OrvvtDvfye9J0bejELNRbcFr2VF4M""}"
ck5iih74uteu90843ax4vxfz7,ck5gy4i8ft85c0doqezvo6ut1,https://storage.labelbox.com/cjhh4jecg4hje0702omie6eqq%2Faf3a2abf-9ae3-2ec1-e474-367c0a21fc30-2020-01-16T08%3A19%3A17.jpg?Expires=1580497470465&KeyName=labelbox-assets-key-1&Signature=z1y5Srp9UD-wzBQ8Akzycl5ST84,"{""Free space"":[{""geometry"":[{""x"":0,""y"":909},{""x"":87,""y"":834},{""x"":244,""y"":727},{""x"":319,""y"":678},{""x"":303,""y"":512},{""x"":302,""y"":467},{""x"":418,""y"":464},{""x"":418,""y"":474},{""x"":495,""y"":474},{""x"":521,""y"":462},{""x"":556,""y"":470},{""x"":793,""y"":467},{""x"":904,""y"":468},{""x"":916,""y"":462},{""x"":1098,""y"":464},{""x"":1289,""y"":466},{""x"":1305,""y"":475},{""x"":1359,""y"":479},{""x"":1393,""y"":501},{""x"":1389,""y"":532},{""x"":1429,""y"":558},{""x"":1503,""y"":554},{""x"":1673,""y"":653},{""x"":1839,""y"":764},{""x"":1920,""y"":825},{""x"":1920,""y"":1080},{""x"":0,""y"":1080}]}]}",jseng@calpoly.edu,Free space segmentation,1579286620000,1579286620000,38.005,2020-01-16T08:19:17.jpg,,,,,Free space detection,"[{""id"":""ck5iiimbi22nn0952c7rm20ja"",""score"":1,""createdAt"":""2020-01-17T18:44:47.000Z"",""createdBy"":""jseng@calpoly.edu""}]",https://image-segmentation-v4.labelbox.com?project=ck5gy7bbahfmg0899r5bnnrl4&label=ck5iih74uteu90843ax4vxfz7,"{""Free space"":""https://faas-gateway.labelbox.com/function/mask-exporter?jwt=eyJhbGciOiJIUzI1NiIsInR5cCI6IkpXVCJ9.eyJsYWJlbElkIjoiY2s1aWloNzR1dGV1OTA4NDNheDR2eGZ6NyIsImNsYXNzTmFtZSI6IkZyZWUgc3BhY2UiLCJ1c2VySWQiOiJjamhoZGVkZXY4bWhhMDc1NnA3ZW1qNndmIiwiaWF0IjoxNTc5Mjg3ODcwLCJleHAiOjE3MzY5Njc4NzB9.xkm2c2k6FWsmb3-OZjWsEh0L2GlyuBGxYmhMEDJaIkg""}"
ck5iihg8b220209528injh21p,ck5gy4i83t7v00doqbiz2391j,https://storage.labelbox.com/cjhh4jecg4hje0702omie6eqq%2F04ba5bf1-6166-8cd1-18a1-51b291870815-2020-01-16T08%3A17%3A22.jpg?Expires=1580497470465&KeyName=labelbox-assets-key-1&Signature=cZ1ImZw-WC9s8T1kCwoNWL4GlCc,"{""Free space"":[{""geometry"":[{""x"":1813,""y"":1080},{""x"":1864,""y"":1073},{""x"":1878,""y"":1080}]}]}",jseng@calpoly.edu,Free space segmentation,1579286632000,1579286632000,11.492,2020-01-16T08:17:22.jpg,,,,,Free space detection,"[{""id"":""ck5iiioap230y0929qgi9oiss"",""score"":1,""createdAt"":""2020-01-17T18:44:49.000Z"",""createdBy"":""jseng@calpoly.edu""}]",https://image-segmentation-v4.labelbox.com?project=ck5gy7bbahfmg0899r5bnnrl4&label=ck5iihg8b220209528injh21p,"{""Free space"":""https://faas-gateway.labelbox.com/function/mask-exporter?jwt=eyJhbGciOiJIUzI1NiIsInR5cCI6IkpXVCJ9.eyJsYWJlbElkIjoiY2s1aWloZzhiMjIwMjA5NTI4aW5qaDIxcCIsImNsYXNzTmFtZSI6IkZyZWUgc3BhY2UiLCJ1c2VySWQiOiJjamhoZGVkZXY4bWhhMDc1NnA3ZW1qNndmIiwiaWF0IjoxNTc5Mjg3ODcwLCJleHAiOjE3MzY5Njc4NzB9.7sklXNjiDitjir1GecqgCGDrKU_b1DQiFiNe4W1y33Y""}"
ck5iii2tetffg08431a1dvt3w,ck5gy4i89t7yk0doq066r1vlz,https://storage.labelbox.com/cjhh4jecg4hje0702omie6eqq%2Fc7360154-47ca-3611-b121-d5f07efc6792-2020-01-16T08%3A18%3A01.jpg?Expires=1580497470465&KeyName=labelbox-assets-key-1&Signature=NSoVdItYjqp0T2nADACjX0RBsvU,"{""Free space"":[{""geometry"":[{""x"":120,""y"":1080},{""x"":226,""y"":975},{""x"":296,""y"":900},{""x"":431,""y"":904},{""x"":515,""y"":913},{""x"":620,""y"":669},{""x"":640,""y"":607},{""x"":628,""y"":548},{""x"":629,""y"":528},{""x"":624,""y"":438},{""x"":991,""y"":429},{""x"":1255,""y"":420},{""x"":1247,""y"":579},{""x"":1248,""y"":606},{""x"":1272,""y"":620},{""x"":1296,""y"":619},{""x"":1450,""y"":789},{""x"":1586,""y"":975},{""x"":1668,""y"":1080}]}]}",jseng@calpoly.edu,Free space segmentation,1579286661000,1579286661000,28.989,2020-01-16T08:18:01.jpg,,,,,Free space detection,"[{""id"":""ck5iiippdhyqx0835fkw376mp"",""score"":1,""createdAt"":""2020-01-17T18:44:51.000Z"",""createdBy"":""jseng@calpoly.edu""}]",https://image-segmentation-v4.labelbox.com?project=ck5gy7bbahfmg0899r5bnnrl4&label=ck5iii2tetffg08431a1dvt3w,"{""Free space"":""https://faas-gateway.labelbox.com/function/mask-exporter?jwt=eyJhbGciOiJIUzI1NiIsInR5cCI6IkpXVCJ9.eyJsYWJlbElkIjoiY2s1aWlpMnRldGZmZzA4NDMxYTFkdnQzdyIsImNsYXNzTmFtZSI6IkZyZWUgc3BhY2UiLCJ1c2VySWQiOiJjamhoZGVkZXY4bWhhMDc1NnA3ZW1qNndmIiwiaWF0IjoxNTc5Mjg3ODcwLCJleHAiOjE3MzY5Njc4NzB9.dHC2Ahpi2-Q4OKHigZTQ5BHhSVsGSxWTXQo3AF-ff1k""}"
ck5iimskkdqk80766rndly5d1,ck5gy4i8dt8240doqcgbn5dmg,https://storage.labelbox.com/cjhh4jecg4hje0702omie6eqq%2F710d0e32-f9b0-3e03-de6f-e6bdbed17265-2020-01-16T08%3A18%3A41.jpg?Expires=1580497470465&KeyName=labelbox-assets-key-1&Signature=cfU_KY1yb9HFJozsW4wsx9IKmgQ,"{""Free space"":[{""geometry"":[{""x"":0,""y"":792},{""x"":327,""y"":567},{""x"":596,""y"":408},{""x"":598,""y"":372},{""x"":678,""y"":367},{""x"":746,""y"":352},{""x"":765,""y"":340},{""x"":767,""y"":319},{""x"":804,""y"":311},{""x"":946,""y"":306},{""x"":942,""y"":368},{""x"":963,""y"":402},{""x"":1031,""y"":476},{""x"":1313,""y"":468},{""x"":1461,""y"":545},{""x"":1521,""y"":577},{""x"":1636,""y"":578},{""x"":1653,""y"":587},{""x"":1674,""y"":585},{""x"":1682,""y"":570},{""x"":1920,""y"":573},{""x"":1920,""y"":665},{""x"":1891,""y"":792},{""x"":1920,""y"":817},{""x"":1920,""y"":1080},{""x"":0,""y"":1080}]}]}",jseng@calpoly.edu,Free space segmentation,1579286881000,1579286881000,38.997,2020-01-16T08:18:41.jpg,,,,,Free space detection,"[{""id"":""ck5iinlv19ovg0899k50fr6jz"",""score"":1,""createdAt"":""2020-01-17T18:48:39.000Z"",""createdBy"":""jseng@calpoly.edu""}]",https://image-segmentation-v4.labelbox.com?project=ck5gy7bbahfmg0899r5bnnrl4&label=ck5iimskkdqk80766rndly5d1,"{""Free space"":""https://faas-gateway.labelbox.com/function/mask-exporter?jwt=eyJhbGciOiJIUzI1NiIsInR5cCI6IkpXVCJ9.eyJsYWJlbElkIjoiY2s1aWltc2trZHFrODA3NjZybmRseTVkMSIsImNsYXNzTmFtZSI6IkZyZWUgc3BhY2UiLCJ1c2VySWQiOiJjamhoZGVkZXY4bWhhMDc1NnA3ZW1qNndmIiwiaWF0IjoxNTc5Mjg3ODcwLCJleHAiOjE3MzY5Njc4NzB9.VlYgJKvKiKlM_F65TZSmy4vKQMKdJirPBsbijhsPjX0""}"
ck5iine269orb08999sa7bdss,ck5gy4i8gt85o0doq6ug9cfh3,https://storage.labelbox.com/cjhh4jecg4hje0702omie6eqq%2Fe8c40163-ed5b-a1b5-ebfd-79365b8ae84f-2020-01-16T08%3A19%3A21.jpg?Expires=1580497470465&KeyName=labelbox-assets-key-1&Signature=Qlc7fIBVgDjo_MbBLZq1NcuJM8I,"{""Free space"":[{""geometry"":[{""x"":0,""y"":577},{""x"":103,""y"":567},{""x"":323,""y"":550},{""x"":383,""y"":549},{""x"":392,""y"":532},{""x"":599,""y"":523},{""x"":839,""y"":509},{""x"":909,""y"":504},{""x"":1008,""y"":515},{""x"":1069,""y"":548},{""x"":1064,""y"":623},{""x"":1102,""y"":647},{""x"":1137,""y"":672},{""x"":1257,""y"":660},{""x"":1281,""y"":669},{""x"":1502,""y"":804},{""x"":1727,""y"":951},{""x"":1920,""y"":1080},{""x"":0,""y"":1080}]}]}",jseng@calpoly.edu,Free space segmentation,1579286909000,1579286909000,27.591,2020-01-16T08:19:21.jpg,,,,,Free space detection,"[{""id"":""ck5iinzu8266w0929jpks8pzr"",""score"":1,""createdAt"":""2020-01-17T18:48:57.000Z"",""createdBy"":""jseng@calpoly.edu""}]",https://image-segmentation-v4.labelbox.com?project=ck5gy7bbahfmg0899r5bnnrl4&label=ck5iine269orb08999sa7bdss,"{""Free space"":""https://faas-gateway.labelbox.com/function/mask-exporter?jwt=eyJhbGciOiJIUzI1NiIsInR5cCI6IkpXVCJ9.eyJsYWJlbElkIjoiY2s1aWluZTI2OW9yYjA4OTk5c2E3YmRzcyIsImNsYXNzTmFtZSI6IkZyZWUgc3BhY2UiLCJ1c2VySWQiOiJjamhoZGVkZXY4bWhhMDc1NnA3ZW1qNndmIiwiaWF0IjoxNTc5Mjg3ODcwLCJleHAiOjE3MzY5Njc4NzB9.CsGYHwAzNtdLnUlj0H6hKu-M0ngCMLgBFyKHFC-fiYQ""}"
